"PK!§S≈œN[Content_Types].xml¨ìÀN√0E˜H¸C‰-ä›≤@5ÌÇ«∫(`‚Ib’/y‹“˛=˜±@°j7±bœ‹s=3ûÃ6÷kà®Ω´ÿòèXÆˆJª∂büã∑Úëò§S“x€≤ŸÙˆf≤ÿ¿Ç≤V¨K)<	ÅuV""˜ù4>ZôË7∂""»z)[˜£—É®ΩK‡Rôz",,,,
"6ùº@#W&Ø⁄ﬁ9â`êœª¿ûU1Ç—µL‰T¨ù˙E)˜Nô9;él01HËO˛ÏÛ>®4Q+(Ê2¶wi…ÜÿÒÌ„ÚÀ˚%?-2‡“7çÆA˘ze©C©∞H÷ºr+µ;¯>¡œ¡(Ú2æ≤ë˛~Y¯åèD˝ëøó[»2gÄò∂⁄eœ¢ß»‘ØyÙir#¸ü~Õ>ª$1i8ÁPìèDö˙ãØ˝ªR†ÿ""ø„ÈˇˇPK!µU0#ÙL_rels/.rels¨íMO√0ÜÔH¸á»˜’›êBKwAHª!T~ÄI‹µç£$›ø'TÉGΩ~¸ €›<çÍ»!ˆ‚4¨ã;#∂w≠Üó˙qu*&rñFq¨·ƒv’ı’ˆôGJy(vΩè*´∏®°K…ﬂ#F”ÒD±œ.W	•Ü=ôÅZ∆MYﬁb¯Æ’BSÌ≠Ü∞∑7†Íìœõ◊ñ¶È",,,,
"?à9LÏ“ô»sbgŸÆ|»l!ı˘USh9i∞bûr:""y_dl¿ÛDõø˝|-Nú»R""4¯2œG«%†ıZ¥4ÒÀùyƒ7	√´»…Çã®ﬁˇˇPK!aI	âdocProps/app.xmlúíAo€0ÖÔ˙›9›PÅ¨bHWÙ∞aí∂gM¶c°≤$à¨ëÏ◊è∂—‘ŸzÍç‰{x˙DI›:_Ùê—≈PâÂ¢kˆïxÿ›]~í	µÒ1@%éÄ‚F_|RõdrÄG¨DKîVR¢m°3∏`9∞“ƒ‹‚6Ôelg·6⁄ó…´≤ºñp 5‘óÈ(¶ƒUO",,,,
≠£¯qwL¨’∑îº≥Ü¯ñ˙ß≥9bl®¯~∞‡ïúãäÈ∂`_≤££.ïú∑jkçá5Î∆x%ﬂÍÃ∞¥çqµÍi’É•òtxmW¢¯múJÙ&;à±€‘åµOHY?≈¸å-°ílòÜc9˜Œk˜E/GÁ∆!`a·qÁ»˛j6&”;ƒÀ9Ò»0ÒN8€Åo:sŒ7^ôO˙'{ªd¬ëÖSı√Ög|Hªxk^◊y>T€÷d®˘NÎ>,,,,
‘=o2˚!d›ö∞á˙’Ûø0<˛„Ù√ıÚzQ~.˘]g3%ﬂ˛≤˛ˇˇPK,,,,
!ˇˇˇˇ99[trash]/0000.datˇˇˇˇPK!çá⁄p‡-xl/_rels/workbook.xml.rels¨ëÀj√0E˜Ö˛Éò}=v,,,,
"•î»ŸîB∂≈˝!èƒñÑfí÷_·Ç›@H6ŸÆ›s$mw?„†Nπ˜NCëÂ†»Y_˜Æ’U}<ΩÇb1Æ6Éw§a""Ü]˘¯∞˝§¡H:ƒ]X•«:ëÜ»∂£—pÊπ4i|ç§[∆LK∏…Ûåˇ;†<ÎT˚ZC‹◊œ†™)$ÚÌnﬂ4Ω•woè#9πÄ@ñiHPïâ-âÜøú%G¿À¯Õ=ÒíûÖV˙q^ãk≈=æ}<pG$´«≤≈8O<˚‰ÚˇˇPK!üàÎmñ",,,,
xl/styles.xml§T[k€0~Ï?Ωª≤›8KÇÌ≤45∫1h{Ul9’≈HJÁlÏøÔ»óƒ•cÌãuŒÒ—wæsSz’JÅûò±\´G!FLï∫‚jó·ØE∞¿»:™**¥b>2ãØÚ˜ÔRÎéÇ›Ôs îÕﬁπfEà-˜LR{°¶‡O≠ç§T≥#∂1åV÷_íÇƒa8'írÖ{Ñï,ˇDRÛxhÇRÀÜ:æÂÇªcáÖë,W∑;•,,
›,,,,
†⁄F3Z¢6öõxå–ô^ëº4⁄Í⁄](—uÕKˆíÎí,"	-œH˚:§(!a‹'ûßµVŒ¢RîÉÚ∫'ΩzT˙ª*¸/oÏΩÚ‘˛@OTÄ%¬$OK-¥Aä",,,
πvE%Î=Æ©‡[√Ω[M%«ﬁ{C◊ü¡Or®ñ7œc8,\‚BúX≈ûÚ,,,
ÓòQ(hêé,,,,
ÑW0=LÁ˜Ôù°«(N&H0O∑⁄T0ãÁzå¶<¨v@‘›ﬁüN7›jÁ†eyZq∫”ä,,,,
"üJr ùí	qÔÁı[˝ª≠ë:»B∫€*√0˘æ£âbè◊+ä÷cøµıs|@ú–~F˙˘~g¯≥_0ì3@†ÌÅ«’f’ûK˙8ø","]qNQ†´ÈA∏á”œüÂO¨‚	K5x}·O⁄u>ÀwæS—‹«`≠ª≥0^p¢É·˛y≥˛∞‹‹q∞◊ã`v…í`ô¨7A2ª^o6≈2å√Î_ì≠}√Œv/Lû¬b≠¨ÄÕ6C≤˘˚≥-√•ßﬂÕ(–ûr_∆ÛcÖAqF¡lN¡b~ôE≈õ˘l}ì…Ñ{Ú W""$Q4æmî¨óLp5ˆjÏ–‘",,,
"Mı/Iê±‰¸|ÁøˇˇPK!u>ôiìåxl/theme/theme1.xmlÏY[ã€F~/Ù?Ω;æI≤ΩƒlŸN⁄Ï&!Î§‰qlè≠…é4F3ﬁç	Åí<ı•PHK_",,,,
}ÎC),,,,
4––ó˛òÖÑ6˝=3í≠ôı8õÀ¶¥%kX§—wŒ|sŒ—7]ºt/¶ŒN9aI€≠^®∏N∆lBíY€Ω5îöÆ√J&à≤∑›%ÊÓ•›è?∫àvDÑcÏÄ}¬wP€çÑòÔîÀ|Õà_`sú¿≥)Kc$‡6ùï'):ø1-◊*ï†#í∏NÇbp{}:%cÏ•KwwÂºO·6\6åiz ]c√Ba'áUâ‡K“‘9B¥ÌB?v<ƒ˜ÑÎPƒ<hªıÁñw/ñ—NnD≈[Õn†˛rª‹`rXS}¶≥—∫SœÛΩ†≥ˆØTl‚˙ç~–÷˛ç«0“åãÓ”Ô∂∫=?«j†Ï“‚ª◊Ë’´^Û_ﬂ‡‹ÒÂœ¿+PÊﬂ€¿!D—¿+PÜ˜-1i‘Bœ¿+PÜ6çJßÁ5ºEî$áËä‘√’h◊ê)£W¨ñÔ,,,,
"µ‹yÅÇjXWóÏb ±≠÷btó•H EÇ$éXŒÒç°äCD…(%ŒôEPxsî0ÕïZeP©√˘Û‘ïä⁄¡H≥ñºÄ	ﬂhí|>N…\¥›O¡´´Aû?{vÚÈ…√_O=:y¯sﬁ∑reÿ]A…L∑{˘√W}˜πÛÁ/ﬂø|¸u÷ıi<◊Ò/~˙‚≈oøø =å∏≈Ûoûºx˙‰˘∑_˛Ò„cã˜NäF:|HbÃùk¯ÿπ…b†Ö?•of1å1","Pæ-Æ˚""2Ä◊ñà⁄p]lÜv",,,
*c^^‹5∏DÈBKœW£ÿÓ3Fª,"µ‡™ÏKãpëÃÏùßw°#[ﬂ!Jå˜sêWbsFÿ†yÉ¢D†N∞p‰3và±etw1‚∫O∆)„l*ú;ƒÈ""b",,,
…êååB*åÆêÚ≤¥ÑT±ŸøÌtµç∫áèL$ºàZ»15¬x-äm.á(¶z¿˜êàl$ñÈX«ıπÄLœ0eNÇ9∑Ÿ\OaºZ“ØÇ¬ÿ”æOó±âL9¥˘‹CåÈ»;#œ≠úIÈÿO¯!î(rn0aÉÔ3Û,,,,
ë˜êîlM˜mÇçtü-∑@\uJEÅ»'ã‘íÀÀòôÔ„íNV*⁄oHzLí3ı˝î≤˚ˇå≤€5˙4›Ó¯]‘ºìÎ;uÂîÜo√˝ïªá…,,,,
/ÀÊÃıA∏?∑˚øÓmÔÚ˘Àu°– ﬁ≈Z]≠‹„≠˜)°Ù@,)ﬁ„jÌŒa^ö†Qm*‘ŒrΩëõGpôo‹,E ∆Iô¯åàË BsX‡W’6t∆s◊3ÓÃáuøjVb| ∑⁄=,"‚}6…ˆ´’™‹õf‚¡ë(⁄+˛∫ˆ""Cçb∂vØvµ3µW^ê∂oBBÎÃ$Q∑êh¨!Ø""°Fv.",ZMÈ~ï™U◊°jÎ¨¿¬…ÅÂV€ıΩÏ∂Tà‚âÃSv$∞ ÆLŒπfz[0©^∞äXU@ëÈñ‰∫uxrtY©ΩF¶
Zπô$¥2å–Á’©úúgÆ[EJ,,,,
z2´∑°†—hæè\K9•,,,,
4—ïÇ&Œq€,,,,
Í>úçç—ºÌNaﬂóÒjáÀ/¢38<ã4{·ﬂFYÊ)=ƒ£,‡Jt25àâ¿©CI‹vÂ◊’@•!ä[µÇØ%◊Y˘∑ëÉ§õI∆”)=ÌZãåtv,,,
"üiÖı©2{∞¥dH˜A49vFtëﬁDPb~£*8!é™Y4'Œ3◊BV‘ﬂ©â)ó]˝@Q’P÷éË<B˘å¢ãyW""∫¶£Ó÷1–ÓÚ1C@7C8ö…	ˆùg›≥ßj9M4ã9”P9k⁄≈Ù˝MÚ´b5Xe“≠∂",,,,
"º–∫÷JÎ†P≠≥ƒ≥ÓkLµ¢3Éödº)√R≥ÛVì⁄9.¥H[‚∂û#¨ëx€ôÏNW≠ú VÎJU¯Í√á˛mÇçÓÇxÙ‡xAW©Ñ/)ÇE_véú…º""˜DæFÑ+gëí∂{ø‚wº∞Êá•J”Ôóº∫W)5˝NΩ‘Ò˝zµÔW+ΩnÌL","ä´~ˆ—eQtôzQÌü_‚’Y€Ö1ãÀL}^)+‚ÍÛKµ∂˝ÛãC@tÓµA´ﬁÍ•VΩ3(yΩn≥‘
Én©Ñçﬁ†˙Õ÷‡ÅÎ)∞◊©á^–oñÇjñº†È7[•ÜW´uºFßŸ˜:Úeå<ìè<^≈k˜oˇˇPK!Ïƒ˙·àxl/workbook.xml¨ìMè⁄0ÜÔï˙",ﬂÉì≤Ä´R®äTU´ñÓûç3!˛àlgU˝Ôù$Jª’^ˆ–ìÌ˚ô˜ıÿ´˚´V‰úó÷4ôƒîÄ∂îÊT–áO—ú∏)π≤,,
"zOÔ◊Ôﬂ≠.÷ùè÷û	å/hB≥dÃã4˜€Ä¡LeùÊóÓƒ|„ÄóæZ±4és¶π4t ","›[∂™§Ä≠≠à≈ ˜µl¸H”‚-8Õ›πm""auÉà£T2‹z(%Z",˜'c?*¥}Mf#ßØ–Z,,
gΩ≠¬Ql˘ o≥$,ØWïT8\;·MÛïÎÆä¢Dqv•P4«•Ω¿?◊6õV*Ã&Yñ∆î≠ˇ¥‚¡ƒpN>sq√-îîPÒVÖ∂e,àÒ<ãì§;€µQ¬≈ˇ≈tKr}í¶¥óÇ‚É∏Ωò_˙ì,"C]–4MsÃ±œ Ou@vög≥Õ^∞˚Æcç~$¶w˚Ω{	®∞èÌ;Cî∏•ƒâ€óΩ86\	t◊",
˝∆<]$”Æ\√˙ë¥NÙgí≈Ó‚E≈ªÈ, Êã4ög”4˙òm”›Ïn∑›mfø˛o/ÒE,"«Ô–©¨π«≈?—7®6‹coC®/fTÕ∆SÎﬂˇˇPKRÊFFp|ûxl/worksheets/sheet1.xmlå“Õn€0‡{üB–Ωñ”≠Îƒ	¡z(0lÎÓ¥L€B$—êò¶y∂ˆH{Ö—vË•7S¶>GˇYm^ÇWœò≤£XÈEQjÖ—R„bWÈßüªÎœZeÜÿÄßàï>a÷õı’ÍHiü{DVƒ\ÈûyXìmèrAF˘”R",,
"¿¶Œ‰!!4”•‡ÕMY~2\‘≥∞LÔ1®mù≈-ŸC¿»3í–K˘πwC>k¡æáêˆá·⁄RÑ®ùw|ö–3Û≤¯o•‡l¢L-r”Ã5ΩmÔﬁ‹∞Zª|Ë""%®Ωpı˙J©U„§âq*a[È/m¶ÛiDøÛJ‚Â@1‘?–£eld[Zçk®âˆcˆÉïØÑπ\ôåYÿMÀ¯ñTÉ-<ß„Wt]œB›J«cØÀÊ¥≈le∏Ç7∑ˇó¥Üπ¬:|Ñ‘πòï«v Ω”*ÕXY»7”0",,,,
w◊ƒL·ıÚPñ]¥jâ¯Ω2ówµ˛ˇˇPK!øwÓD_docProps/core.xmlîíÕj√0ÑÔÖæÉ–›ñÌê4€°?‰“,,,,
MiÈMHG‘íÖ§‘Ò€W∂◊Å\z‘ŒÏ∑≥ã≤’QVËåµ qFÅb5™ÃÒ˚v,1≤é*N´ZAé[∞xU‹ﬁdLß¨6jj,,,
"∆	∞»ìîMôŒÒﬁ9ùbŸ$µ°w(/Ój#©ÛOSMŸ7-Å$Q¥ Â‘Q“=Ò	…Ÿà‘SıŒT A9K‚0&^F⁄´",,,,
"Ω2qJ·ZÌw:≈ù≤9ƒ—}¥b46M6≥>ÜœìœÕÀ[øj Tw+∏»8KôÍjS‹Tâ6≠PËπ•MF&Rw∆äZ∑Òﬂ	‡mëë+5Œ˙8Úq“!¸Y˘ò=>m◊∏H¢xDã öo„eﬂ•IÙ’çºËÔ‚",,,,
"y¸/‚bB<Ü‹ó_¢¯ˇˇPK-!§S≈œN[Content_Types].xmlPK-!µU0#ÙL_rels/.relsPK-!aI	âúdocProps/app.xmlPK-",,,,
!ˇˇˇˇ99S[trash]/0000.datPK-!çá⁄p‡-∫xl/_rels/workbook.xml.relsPK-!üàÎmñ,,,,
"“xl/styles.xmlPK-!u>ôiìåì	xl/theme/theme1.xmlPK-!Ïƒ˙·àWxl/workbook.xmlPK-!Fp|ûexl/worksheets/sheet1.xmlPK-!øwÓD_docProps/core.xmlPK",,,,
,,,,
0.112854008,,,,
0.080940081,,,,
0.088416621,,,,
0.084554061,,,,
0.091934993,,,,
0.076522995,,,,
0.079410354,,,,
0.088990269,,,,
0.087364934,,,,
0.083597981,,,,
0.076867183,,,,
0.091303981,,,,
0.091399589,,,,
0.101189841,,,,
0.08225947,,,,
0.098053901,,,,
0.089716889,,,,
0.086122031,,,,
0.076561238,,,,
0.08912412,,,,
0.087231083,,,,
0.074496106,,,,
0.079945758,,,,
0.093579449,,,,
0.093579449,,,,
0.077096642,,,,
0.079658935,,,,
0.09660066,,,,
0.096332958,,,,
0.075375699,,,,
0.082450686,,,,
0.093426477,,,,
0.104669969,,,,
0.081953525,,,,
0.085567505,,,,
0.101208962,,,,
0.089908105,,,,
0.083770076,,,,
0.091820263,,,,
0.089678646,,,,
0.104058079,,,,
0.082125619,,,,
0.083597981,,,,
0.102050312,,,,
0.103254972,,,,
0.088148919,,,,
0.08310082,,,,
0.103331458,,,,
0.097747955,,,,
0.085854329,,,,
0.083521495,,,,
0.105702535,,,,
0.094439921,,,,
0.093044045,,,,
0.084860006,,,,
0.091973236,,,,
0.101763488,,,,
0.084209872,,,,
0.089678646,,,,
0.096849241,,,,
0.090061078,,,,
0.083865684,,,,
0.098455454,,,,
0.099717479,,,,
0.100864774,,,,
0.078741099,,,,
0.085969058,,,,
0.092795464,,,,
0.108991448,,,,
0.080462041,,,,
0.085969058,,,,
0.095185663,,,,
0.106811587,,,,
0.09021405,,,,
0.086886894,,,,
0.102222406,,,,
0.094133975,,,,
0.089028512,,,,
0.084860006,,,,
0.093330869,,,,
0.103618282,,,,
0.089755132,,,,
0.092355668,,,,
0.098684913,,,,
0.094573772,,,,
0.084534939,,,,
0.09346472,,,,
0.105128887,,,,
0.090367023,,,,
0.078435153,,,,
0.080462041,,,,
0.09334999,,,,
0.095376878,,,,
0.08948743,,,,
0.078358667,,,,
0.089506552,,,,
0.102279771,,,,
0.081685823,,,,
0.084649669,,,,
0.090806819,,,,
0.091208373,,,,
0.080232582,,,,
0.088493107,,,,
0.104861185,,,,
0.085777842,,,,
0.080901838,,,,
0.080232582,,,,
0.090902427,,,,
0.092317425,,,,
0.080959203,,,,
0.08755615,,,,
0.104995036,,,,
0.089410944,,,,
0.080615014,,,,
0.087842974,,,,
0.09214533,,,,
0.092030601,,,,
0.082297714,,,,
0.086561827,,,,
0.089181485,,,,
0.091399589,,,,
0.074304891,,,,
0.075605158,,,,
0.082412443,,,,
0.092374789,,,,
0.070308479,,,,
0.095835797,,,,
0.080710622,,,,
0.096371201,,,,
0.078263059,,,,
0.088818174,,,,
0.100004302,,,,
0.089812497,,,,
0.073081109,,,,
0.081035689,,,,
0.091208373,,,,
0.084324602,,,,
0.079735421,,,,
0.09117013,,,,
0.088493107,,,,
0.092355668,,,,
0.082546294,,,,
0.078052721,,,,
0.110004892,,,,
0.110176986,,,,
0.077345223,,,,
0.074075431,,,,
0.086427976,,,,
0.083865684,,,,
0.076140563,,,,
0.07682894,,,,
0.100252883,,,,
0.099985181,,,,
0.079276503,,,,
0.0823742,,,,
0.087307569,,,,
0.086275003,,,,
0.078473396,,,,
0.072928136,,,,
0.092011479,,,,
0.091686412,,,,
0.089104998,,,,
0.080500284,,,,
0.080060488,,,,
0.084401088,,,,
0.075643402,,,,
0.066885715,,,,
0.080423798,,,,
0.089257971,,,,
0.067841794,,,,
0.077823262,,,,
0.084802641,,,,
0.096256471,,,,
0.073559149,,,,
0.073540027,,,,
0.083445009,,,,
0.080232582,,,,
0.07730698,,,,
0.081762309,,,,
0.085739599,,,,
0.098818764,,,,
0.069467129,,,,
0.081724066,,,,
0.091609926,,,,
0.074955024,,,,
0.077134885,,,,
0.076331779,,,,
0.083999535,,,,
0.081418121,,,,
0.06719166,,,,
0.081073932,,,,
0.089984591,,,,
0.0970787,,,,
0.074438742,,,,
0.081112175,,,,
0.103369702,,,,
0.08876081,,,,
0.07912353,,,,
0.082947847,,,,
0.088741688,,,,
0.076331779,,,,
0.088473986,,,,
0.067994767,,,,
0.081590215,,,,
0.089506552,,,,
0.069275913,,,,
0.07912353,,,,
0.090864184,,,,
0.074285769,,,,
0.064744097,,,,
0.077020156,,,,
0.076408265,,,,
0.079200017,,,,
0.067803551,,,,
0.066770986,,,,
0.07489766,,,,
0.079792786,,,,
0.076867183,,,,
0.06839632,,,,
0.089678646,,,,
0.086389733,,,,
0.068530171,,,,
0.067650579,,,,
0.076580359,,,,
0.079678056,,,,
0.074649079,,,,
0.07767029,,,,
0.088894661,,,,
0.087231083,,,,
0.066025244,,,,
0.07044233,,,,
0.080270825,,,,
0.083617103,,,,
0.065585447,,,,
0.069142062,,,,
0.075739009,,,,
0.078014478,,,,
0.067478484,,,,
0.090194929,,,,
0.074228404,,,,
0.072316246,,,,
0.075299213,,,,
0.073425298,,,,
0.081150418,,,,
0.100004302,,,,
0.063711532,,,,
0.072086787,,,,
0.090998035,,,,
0.084477574,,,,
0.064992678,,,,
0.064572003,,,,
0.07116895,,,,
0.081379877,,,,
0.081016567,,,,
0.064323423,,,,
0.088340135,,,,
0.082947847,,,,
0.070212871,,,,
0.070671789,,,,
0.074151918,,,,
0.075452186,,,,
0.062181805,,,,
0.076981913,,,,
0.070863005,,,,
0.074400498,,,,
0.06091978,,,,
0.0763509,,,,
0.080385555,,,,
0.074916781,,,,
0.06489707,,,,
0.071360166,,,,
0.0763509,,,,
0.084286359,,,,
0.068797874,,,,
0.076886305,,,,
0.084860006,,,,
0.075815496,,,,
0.064151328,,,,
0.075605158,,,,
0.066350311,,,,
0.073157595,,,,
0.060862415,,,,
0.073501784,,,,
0.073367933,,,,
0.07441962,,,,
0.069333278,,,,
0.069639223,,,,
0.081915282,,,,
0.081418121,,,,
0.066809229,,,,
0.06960098,,,,
0.070958613,,,,
0.06898909,,,,
0.060403497,,,,
0.059122351,,,,
0.071379288,,,,
0.069868683,,,,
0.056789518,,,,
0.064686733,,,,
0.081685823,,,,
0.075299213,,,,
0.062315656,,,,
0.074381377,,,,
0.075719888,,,,
0.072813407,,,,
0.055546614,,,,
0.066656256,,,,
0.071627868,,,,
0.06646504,,,,
0.054456684,,,,
0.059237081,,,,
0.079180895,,,,
0.069906926,,,,
0.066923958,,,,
0.069830439,,,,
0.068683144,,,,
0.071933814,,,,
0.058548703,,,,
0.064304301,,,,
0.069658345,,,,
0.076561238,,,,
0.063405586,,,,
0.058548703,,,,
0.085777842,,,,
0.065757541,,,,
0.061225726,,,,
0.060001944,,,,
0.06971571,,,,
0.076025833,,,,
0.07273692,,,,
0.062449507,,,,
0.066541527,,,,
0.065987001,,,,
0.072622191,,,,
0.069830439,,,,
0.069868683,,,,
0.079811907,,,,
0.050364665,,,,
0.06128309,,,,
0.067038688,,,,
0.075012389,,,,
0.059504783,,,,
0.052315066,,,,
0.085663113,,,,
0.062774574,,,,
0.065451596,,,,
0.062411264,,,,
0.071207194,,,,
0.061340455,,,,
0.060307889,,,,
0.061493428,,,,
0.057458773,,,,
0.066331189,,,,
0.068453685,,,,
0.080940081,,,,
0.067727065,,,,
0.082603659,,,,
0.06055647,,,,
0.06405572,,,,
0.074572593,,,,
0.063137884,,,,
0.049427707,,,,
0.054686143,,,,
0.069180305,,,,
0.071513139,,,,
0.053883036,,,,
0.056139384,,,,
0.070423209,,,,
0.064782341,,,,
0.076752454,,,,
0.054246347,,,,
0.058682555,,,,
0.060097552,,,,
0.057018977,,,,
0.05694249,,,,
0.069428886,,,,
0.069409764,,,,
0.056636545,,,,
0.050402908,,,,
0.057248436,,,,
0.067554971,,,,
0.057363165,,,,
0.050364665,,,,
0.063233492,,,,
0.073979824,,,,
0.057248436,,,,
0.064476395,,,,
0.064552882,,,,
0.065241259,,,,
0.068377199,,,,
0.058701676,,,,
0.074343134,,,,
0.059810728,,,,
0.053385875,,,,
0.065891393,,,,
0.21257308,,,,
0.065241259,,,,
0.05392128,,,,
0.060269646,,,,
0.06814774,,,,
0.078894071,,,,
0.047228724,,,,
0.055412763,,,,
0.064591125,,,,
0.066923958,,,,
0.05789857,,,,
0.074457863,,,,
0.05946654,,,,
0.060537348,,,,
0.059084108,,,,
0.073157595,,,,
0.051588446,,,,
0.062908425,,,,
0.049810139,,,,
0.051703176,,,,
0.067096053,,,,
0.067593214,,,,
0.0459667,,,,
0.059237081,,,,
0.07055706,,,,
0.057630867,,,,
0.046272645,,,,
0.051970878,,,,
0.057554381,,,,
0.064113085,,,,
0.049140883,,,,
0.05742053,,,,
0.066331189,,,,
0.059313567,,,,
0.047611156,,,,
0.060307889,,,,
0.060766807,,,,
0.064667611,,,,
0.059600391,,,,
0.06091978,,,,
0.06417045,,,,
0.076178806,,,,
0.049905747,,,,
0.047993588,,,,
0.063176127,,,,
0.063673289,,,,
0.044150149,,,,
0.071092464,,,,
0.062200926,,,,
0.070289357,,,,
0.046138794,,,,
0.052544525,,,,
0.052563647,,,,
0.060116674,,,,
0.045985821,,,,
0.058376609,,,,
0.070098142,,,,
0.070346722,,,,
0.049293856,,,,
0.056177627,,,,
0.052984322,,,,
0.055470128,,,,
0.045029742,,,,
0.050823583,,,,
0.055718709,,,,
0.067707943,,,,
0.050517637,,,,
0.047802372,,,,
0.062296534,,,,
0.067344633,,,,
0.04585197,,,,
0.054762629,,,,
0.063768897,,,,
0.068281591,,,,
0.051091285,,,,
0.049446828,,,,
0.054915602,,,,
0.052295945,,,,
0.050900069,,,,
0.06139782,,,,
0.048089196,,,,
0.072048543,,,,
0.037782661,,,,
0.055929046,,,,
0.055623101,,,,
0.069983412,,,,
0.054762629,,,,
0.045316566,,,,
0.050211692,,,,
0.057726475,,,,
0.045526903,,,,
0.056043776,,,,
0.054074252,,,,
0.065050043,,,,
0.054494927,,,,
0.037151649,,,,
0.061742008,,,,
0.053653577,,,,
0.042180626,,,,
0.060460862,,,,
0.055298034,,,,
0.056330599,,,,
0.052582769,,,,
0.060881537,,,,
0.057018977,,,,
0.047381697,,,,
0.045316566,,,,
0.05946654,,,,
0.061990589,,,,
0.05307993,,,,
0.053099051,,,,
0.048070074,,,,
0.073654757,,,,
0.056368843,,,,
0.039847792,,,,
0.044436973,,,,
0.056273235,,,,
0.055623101,,,,
0.054112495,,,,
0.047878858,,,,
0.068912603,,,,
0.078473396,,,,
0.039771306,,,,
0.061455185,,,,
0.060958023,,,,
0.055756952,,,,
0.053902158,,,,
0.049179126,,,,
0.060613835,,,,
0.052735741,,,,
0.066025244,,,,
0.037782661,,,,
0.051492838,,,,
0.051664932,,,,
0.038968199,,,,
0.056234992,,,,
0.053213781,,,,
0.055049453,,,,
0.048280412,,,,
0.049351221,,,,
0.053844793,,,,
0.06417045,,,,
0.050517637,,,,
0.053596213,,,,
0.050575002,,,,
0.057554381,,,,
0.052181215,,,,
0.041912923,,,,
0.050135206,,,,
0.051932635,,,,
0.037056041,,,,
0.039312388,,,,
0.053271146,,,,
0.052563647,,,,
0.042926368,,,,
0.055527493,,,,
0.059217959,,,,
0.060805051,,,,
0.058128029,,,,
0.050096962,,,,
0.043251435,,,,
0.054934724,,,,
0.044819405,,,,
0.047878858,,,,
0.052525404,,,,
0.047305211,,,,
0.041492249,,,,
0.043882447,,,,
0.060001944,,,,
0.047324332,,,,
0.057688232,,,,
0.049963111,,,,
0.082756632,,,,
0.056636545,,,,
0.049695409,,,,
0.041415762,,,,
0.050938312,,,,
0.044475216,,,,
0.046865414,,,,
0.044245757,,,,
0.051607568,,,,
0.056483572,,,,
0.037878269,,,,
0.053997766,,,,
0.062525993,,,,
0.077058399,,,,
0.03571753,,,,
0.041454005,,,,
0.075127119,,,,
0.047037509,,,,
0.046980144,,,,
0.039235901,,,,
0.050058719,,,,
0.045507782,,,,
0.043041097,,,,
0.039752184,,,,
0.046999265,,,,
0.05946654,,,,
0.044016298,,,,
0.056980733,,,,
0.053577091,,,,
0.056636545,,,,
0.039159415,,,,
0.035985232,,,,
0.070499695,,,,
0.051492838,,,,
0.038471038,,,,
0.038432795,,,,
0.048796695,,,,
0.051072163,,,,
0.041205425,,,,
0.045048864,,,,
0.054150739,,,,
0.062717209,,,,
0.035143882,,,,
0.035583678,,,,
0.043098462,,,,
0.048720208,,,,
0.043978055,,,,
0.054016888,,,,
0.064399909,,,,
0.043423529,,,,
0.035392463,,,,
0.035143882,,,,
0.054953845,,,,
0.0503073,,,,
0.043710353,,,,
0.043863325,,,,
0.063635045,,,,
0.050517637,,,,
0.036654487,,,,
0.069830439,,,,
0.053691821,,,,
0.052773984,,,,
0.039809549,,,,
0.035736651,,,,
0.040899479,,,,
0.044819405,,,,
0.032428617,,,,
0.047764129,,,,
0.039847792,,,,
0.04898791,,,,
0.031663753,,,,
0.04283076,,,,
0.044742918,,,,
0.059141473,,,,
0.052812228,,,,
0.037438472,,,,
0.040191981,,,,
0.047496427,,,,
0.060021066,,,,
0.038891713,,,,
0.055623101,,,,
0.051244258,,,,
0.032658076,,,,
0.036539758,,,,
0.051167771,,,,
0.047477305,,,,
0.047458183,,,,
0.044245757,,,,
0.044264879,,,,
0.055470128,,,,
0.028757272,,,,
0.042314477,,,,
0.055068575,,,,
0.08044292,,,,
0.027131937,,,,
0.04187468,,,,
0.040975966,,,,
0.054437562,,,,
0.047113995,,,,
0.034493748,,,,
0.047075752,,,,
0.062200926,,,,
0.051014799,,,,
0.039006442,,,,
0.048184804,,,,
0.042945489,,,,
0.033403818,,,,
0.038700497,,,,
0.054380198,,,,
0.046903657,,,,
0.029560379,,,,
0.039637455,,,,
0.035010031,,,,
0.051837027,,,,
0.041492249,,,,
0.034723207,,,,
0.058491339,,,,
0.044895891,,,,
0.029675108,,,,
0.046272645,,,,
0.039981643,,,,
0.038681375,,,,
0.02933092,,,,
0.027858558,,,,
0.0546479,,,,
0.056368843,,,,
0.027074573,,,,
0.034206924,,,,
0.044207514,,,,
0.036405907,,,,
0.045316566,,,,
0.045106228,,,,
0.046444739,,,,
0.06007843,,,,
0.028240989,,,,
0.031568145,,,,
0.048471628,,,,
0.058204515,,,,
0.035832259,,,,
0.033021386,,,,
0.058854649,,,,
0.045335687,,,,
0.035411584,,,,
0.033900979,,,,
0.044838526,,,,
0.054188982,,,,
0.035373341,,,,
0.033231723,,,,
0.050957434,,,,
0.052773984,,,,
0.035086517,,,,
0.032160915,,,,
0.044723797,,,,
0.053271146,,,,
0.031759361,,,,
0.038107728,,,,
0.049198248,,,,
0.0529652,,,,
0.029044096,,,,
0.033709763,,,,
0.039637455,,,,
0.044704675,,,,
0.023326742,,,,
0.033499426,,,,
0.05610114,,,,
0.048184804,,,,
0.032887535,,,,
0.033078751,,,,
0.056445329,,,,
0.038471038,,,,
0.02499032,,,,
0.027820314,,,,
0.043404407,,,,
0.041721708,,,,
0.036386785,,,,
0.046177037,,,,
0.038394552,,,,
0.051129528,,,,
0.022886945,,,,
0.033480304,,,,
0.0356028,,,,
0.055718709,,,,
0.030439972,,,,
0.028814637,,,,
0.042429206,,,,
0.041798194,,,,
0.037706175,,,,
0.034551113,,,,
0.043652988,,,,
0.037151649,,,,
0.037610567,,,,
0.033346453,,,,
0.038757862,,,,
0.040344953,,,,
0.039331509,,,,
0.044341365,,,,
0.034015708,,,,
0.040650899,,,,
0.0339201,,,,
0.042429206,,,,
0.045106228,,,,
0.033767128,,,,
0.02535363,,,,
0.037361986,,,,
0.044284,,,,
0.054188982,,,,
0.028891123,,,,
0.045201836,,,,
0.058281001,,,,
0.041033331,,,,
0.040230224,,,,
0.036578001,,,,
0.037706175,,,,
0.046081429,,,,
0.025315387,,,,
0.039886035,,,,
0.042429206,,,,
0.050230813,,,,
0.025544846,,,,
0.031415173,,,,
0.037744418,,,,
0.04439873,,,,
0.029904567,,,,
0.022791337,,,,
0.032505103,,,,
0.034531991,,,,
0.036654487,,,,
0.042677787,,,,
0.043480894,,,,
0.046502104,,,,
0.02837484,,,,
0.04307934,,,,
0.03669273,,,,
0.053099051,,,,
0.038681375,,,,
0.046578591,,,,
0.044379608,,,,
0.041606978,,,,
0.036558879,,,,
0.04067002,,,,
0.043672109,,,,
0.043327921,,,,
0.039560968,,,,
0.046234402,,,,
0.030631188,,,,
0.035908745,,,,
0.042046775,,,,
0.037419351,,,,
0.041951167,,,,
0.043251435,,,,
0.032199158,,,,
0.032428617,,,,
0.046157916,,,,
0.039159415,,,,
0.021357218,,,,
0.027361396,,,,
0.055412763,,,,
0.035029152,,,,
0.053156416,,,,
0.042869003,,,,
0.043939812,,,,
0.041606978,,,,
0.032371252,,,,
0.036941311,,,,
0.039771306,,,,
0.044131027,,,,
0.029636865,,,,
0.047572913,,,,
0.062831939,,,,
0.056866004,,,,
0.036176448,,,,
0.034206924,,,,
0.042065896,,,,
0.041186303,,,,
0.036004353,,,,
0.036157326,,,,
0.04789798,,,,
0.035736651,,,,
0.027227545,,,,
0.034264289,,,,
0.03946536,,,,
0.037667931,,,,
0.029254433,,,,
0.029369163,,,,
0.052468039,,,,
0.043672109,,,,
0.0356028,,,,
0.036616244,,,,
0.038088606,,,,
0.040956844,,,,
0.048433384,,,,
0.030516458,,,,
0.04126279,,,,
0.048070074,,,,
0.032772805,,,,
0.028757272,,,,
0.039369753,,,,
0.06007843,,,,
0.028680786,,,,
0.029636865,,,,
0.045431295,,,,
0.053519726,,,,
0.041109817,,,,
0.046272645,,,,
0.053577091,,,,
0.050001354,,,,
0.05235331,,,,
0.031472537,,,,
0.050211692,,,,
0.053099051,,,,
0.036654487,,,,
0.035163004,,,,
0.054609657,,,,
0.060384376,,,,
0.037514959,,,,
0.04837602,,,,
0.048127439,,,,
0.044456094,,,,
0.04548866,,,,
0.033422939,,,,
0.049255613,,,,
0.055756952,,,,
0.029350041,,,,
0.042295355,,,,
0.050402908,,,,
0.057133706,,,,
0.036826582,,,,
0.045354809,,,,
0.046482983,,,,
0.044781161,,,,
0.047190481,,,,
0.048834938,,,,
0.055565736,,,,
0.06562369,,,,
0.04680805,,,,
0.04910264,,,,
0.040459683,,,,
0.052468039,,,,
0.045832849,,,,
0.05055588,,,,
0.052525404,,,,
0.052200337,,,,
0.042008531,,,,
0.041224546,,,,
0.055527493,,,,
0.056789518,,,,
0.040249345,,,,
0.043672109,,,,
0.054131617,,,,
0.061110996,,,,
0.045144472,,,,
0.040842115,,,,
0.057764718,,,,
0.059600391,,,,
0.035832259,,,,
0.044016298,,,,
0.058816406,,,,
0.060307889,,,,
0.04319407,,,,
0.048184804,,,,
0.054303711,,,,
0.069371521,,,,
0.047993588,,,,
0.041434884,,,,
0.066732742,,,,
0.070059898,,,,
0.049140883,,,,
0.053424118,,,,
0.063615924,,,,
0.056674788,,,,
0.066235581,,,,
0.056713031,,,,
0.079945758,,,,
0.062793696,,,,
0.054150739,,,,
0.052047364,,,,
0.06369241,,,,
0.062315656,,,,
0.049446828,,,,
0.054303711,,,,
0.070174628,,,,
0.069333278,,,,
0.057439651,,,,
0.055202426,,,,
0.083311158,,,,
0.077134885,,,,
0.061340455,,,,
0.063826261,,,,
0.063577681,,,,
0.073998945,,,,
0.069926047,,,,
0.069295035,,,,
0.076752454,,,,
0.074763809,,,,
0.061053631,,,,
0.060001944,,,,
0.071895571,,,,
0.072144151,,,,
0.061569914,,,,
0.071513139,,,,
0.077785019,,,,
0.075107997,,,,
0.078530761,,,,
0.063711532,,,,
0.071226315,,,,
0.074343134,,,,
0.069084697,,,,
0.082068255,,,,
0.072430975,,,,
0.078721977,,,,
0.067440241,,,,
0.083253793,,,,
0.075891982,,,,
0.082450686,,,,
0.083005212,,,,
0.072469218,,,,
0.079333868,,,,
0.089181485,,,,
0.073119352,,,,
0.072430975,,,,
0.091361345,,,,
0.088416621,,,,
0.078358667,,,,
0.084515818,,,,
0.090252293,,,,
0.080615014,,,,
0.080634136,,,,
0.090462631,,,,
0.10600848,,,,
0.088569594,,,,
0.08514683,,,,
0.088225405,,,,
0.110196108,,,,
0.08153285,,,,
0.090099321,,,,
0.09671539,,,,
0.101113354,,,,
0.083406766,,,,
0.088110676,,,,
0.094095732,,,,
0.105014158,,,,
0.087709122,,,,
0.095262149,,,,
0.110597661,,,,
0.102910783,,,,
0.098589305,,,,
0.098321603,,,,
0.101534029,,,,
0.107844153,,,,
0.096027012,,,,
0.090175807,,,,
0.108283949,,,,
0.116028192,,,,
0.096925727,,,,
0.101228084,,,,
0.105721657,,,,
0.110597661,,,,
0.121898519,,,,
0.111821443,,,,
0.126487699,,,,
0.115435422,,,,
0.10226065,,,,
0.108761989,,,,
0.117481432,,,,
0.121363114,,,,
0.111897929,,,,
0.114307249,,,,
0.125971416,,,,
0.115358936,,,,
0.114001303,,,,
0.116716569,,,,
0.123294394,,,,
0.137444368,,,,
0.122931084,,,,
0.120234941,,,,
0.13228154,,,,
0.126506821,,,,
0.117309338,,,,
0.122414801,,,,
0.144289896,,,,
0.129222086,,,,
0.130522354,,,,
0.128686682,,,,
0.135283629,,,,
0.146813945,,,,
0.123542975,,,,
0.130675327,,,,
0.13432755,,,,
0.149299752,,,,
0.132893431,,,,
0.153640352,,,,
0.150064615,,,,
0.149548332,,,,
0.138496055,,,,
0.145857866,,,,
0.159204733,,,,
0.151728193,,,,
0.144366382,,,,
0.144481112,,,,
0.15675717,,,,
0.157024872,,,,
0.152206233,,,,
0.17062032,,,,
0.157177845,,,,
0.158420748,,,,
0.159090004,,,,
0.149567454,,,,
0.170352618,,,,
0.159701894,,,,
0.177924766,,,,
0.160352028,,,,
0.176069972,,,,
0.175133015,,,,
0.165973775,,,,
0.169281809,,,,
0.175764027,,,,
0.179186791,,,,
0.168765526,,,,
0.171442548,,,,
0.188040085,,,,
0.189149137,,,,
0.188269544,,,,
0.176375918,,,,
0.196797772,,,,
0.190296432,,,,
0.184177525,,,,
0.183795093,,,,
0.199532159,,,,
0.200583846,,,,
0.187351708,,,,
0.195421017,,,,
0.194866491,,,,
0.199627766,,,,
0.194503181,,,,
0.200239657,,,,
0.214217537,,,,
0.212362743,,,,
0.193604467,,,,
0.1932794,,,,
0.228291024,,,,
0.211655244,,,,
0.201578168,,,,
0.205440729,,,,
0.209991666,,,,
0.227660012,,,,
0.213548281,,,,
0.218864082,,,,
0.221770563,,,,
0.225327178,,,,
0.208175115,,,,
0.211444907,,,,
0.222611913,,,,
0.236838373,,,,
0.226397987,,,,
0.222229481,,,,
0.232210949,,,,
0.235346889,,,,
0.221464618,,,,
0.230451763,,,,
0.228883793,,,,
0.234543783,,,,
0.220948335,,,,
0.233472974,,,,
0.231637302,,,,
0.237679723,,,,
0.222650156,,,,
0.228883793,,,,
0.234601148,,,,
0.241121609,,,,
0.227965957,,,,
0.224524072,,,,
0.232555138,,,,
0.245978491,,,,
0.219934891,,,,
0.239974313,,,,
0.225977312,,,,
0.232077098,,,,
0.235691078,,,,
0.222650156,,,,
0.237220805,,,,
0.225403665,,,,
0.224753531,,,,
0.219208271,,,,
0.217602057,,,,
0.227660012,,,,
0.213663011,,,,
0.20980045,,,,
0.22643623,,,,
0.224390221,,,,
0.209819572,,,,
0.211693487,,,,
0.227411431,,,,
0.220814484,,,,
0.20352857,,,,
0.208022143,,,,
0.212267135,,,,
0.204025731,,,,
0.196147638,,,,
0.193776561,,,,
0.217296112,,,,
0.211177205,,,,
0.201807627,,,,
0.193853047,,,,
0.20243864,,,,
0.195803449,,,,
0.189569812,,,,
0.191099539,,,,
0.191615822,,,,
0.185057118,,,,
0.183164081,,,,
0.183106716,,,,
0.190602378,,,,
0.196969866,,,,
0.185133604,,,,
0.183967187,,,,
0.192533658,,,,
0.191271633,,,,
0.178823481,,,,
0.180429694,,,,
0.188843192,,,,
0.180314964,,,,
0.171519035,,,,
0.165859045,,,,
0.178402806,,,,
0.180353208,,,,
0.162646619,,,,
0.168956742,,,,
0.171748494,,,,
0.172628087,,,,
0.162455403,,,,
0.16543837,,,,
0.164807358,,,,
0.166681273,,,,
0.153430014,,,,
0.148228943,,,,
0.162149458,,,,
0.165667829,,,,
0.147617052,,,,
0.146469757,,,,
0.154271364,,,,
0.163067294,,,,
0.140044904,,,,
0.146775702,,,,
0.150255831,,,,
0.155112714,,,,
0.136679505,,,,
0.134958562,,,,
0.151479612,,,,
0.149854278,,,,
0.137922408,,,,
0.136182343,,,,
0.156527711,,,,
0.148037727,,,,
0.134824711,,,,
0.138209232,,,,
0.145169489,,,,
0.144863544,,,,
0.125608106,,,,
0.138056259,,,,
0.13384951,,,,
0.142760169,,,,
0.120273184,,,,
0.132052081,,,,
0.129260329,,,,
0.128877898,,,,
0.123179665,,,,
0.124556419,,,,
0.127730602,,,,
0.14566665,,,,
0.123198786,,,,
0.123791556,,,,
0.139146189,,,,
0.130254652,,,,
0.117118122,,,,
0.120999804,,,,
0.132205054,,,,
0.137367882,,,,
0.106257061,,,,
0.112433333,,,,
0.126430334,,,,
0.120693859,,,,
0.11830366,,,,
0.121592573,,,,
0.126219997,,,,
0.111897929,,,,
0.117003392,,,,
0.129604518,,,,
0.123217908,,,,
0.104019835,,,,
0.112854008,,,,
0.116869541,,,,
0.121057169,,,,
0.107844153,,,,
0.112930495,,,,
0.118246296,,,,
0.125436012,,,,
0.103656525,,,,
0.103484431,,,,
0.113790966,,,,
0.126430334,,,,
0.105205374,,,,
0.100883895,,,,
0.118858186,,,,
0.126277362,,,,
0.105855508,,,,
0.106735101,,,,
0.114976504,,,,
0.122911963,,,,
0.103580039,,,,
0.10226065,,,,
0.115588395,,,,
0.112356847,,,,
0.100138153,,,,
0.1014193,,,,
0.117596162,,,,
0.110521175,,,,
0.105912872,,,,
0.098512819,,,,
0.109679825,,,,
0.117749134,,,,
0.102050312,,,,
0.097021335,,,,
0.112242118,,,,
0.108360436,,,,
0.095548973,,,,
0.09925856,,,,
0.120674737,,,,
0.113312926,,,,
0.095415122,,,,
0.09346472,,,,
0.097767077,,,,
0.113618872,,,,
0.101648759,,,,
0.096179985,,,,
0.102662203,,,,
0.116716569,,,,
0.094114854,,,,
0.089812497,,,,
0.107920639,,,,
0.10298727,,,,
0.099507141,,,,
0.09648593,,,,
0.098627548,,,,
0.110788877,,,,
0.090902427,,,,
0.094172219,,,,
0.103522674,,,,
0.103063756,,,,
0.105817265,,,,
0.109144421,,,,
0.105358346,,,,
0.106104088,,,,
0.092432154,,,,
0.116334137,,,,
0.099201196,,,,
0.103484431,,,,
0.097996536,,,,
0.096524174,,,,
0.09744201,,,,
0.099889573,,,,
0.077957113,,,,
0.083425887,,,,
0.109048813,,,,
0.100998625,,,,
0.094745866,,,,
0.083617103,,,,
0.112586306,,,,
0.103618282,,,,
0.085242438,,,,
0.088856418,,,,
0.098665791,,,,
0.107499964,,,,
0.08864608,,,,
0.085433654,,,,
0.096524174,,,,
0.103369702,,,,
0.082909604,,,,
0.096543295,,,,
0.095931404,,,,
0.103446188,,,,
0.079467719,,,,
0.084917371,,,,
0.10094126,,,,
0.106582128,,,,
0.081418121,,,,
0.091437832,,,,
0.091667291,,,,
0.100386734,,,,
0.096619782,,,,
0.08791946,,,,
0.104134565,,,,
0.096294715,,,,
0.083789197,,,,
0.097384645,,,,
0.115836976,,,,
0.103446188,,,,
0.097021335,,,,
0.088225405,,,,
0.09732728,,,,
0.102643081,,,,
0.088225405,,,,
0.09189675,,,,
0.100348491,,,,
0.099468898,,,,
0.084955614,,,,
0.088263648,,,,
0.099679235,,,,
0.09816863,,,,
0.089410944,,,,
0.084286359,,,,
0.104249294,,,,
0.096562417,,,,
0.090959792,,,,
0.090290537,,,,
0.101744367,,,,
0.098015657,,,,
0.100233761,,,,
0.09334999,,,,
0.105721657,,,,
0.100826531,,,,
0.108972326,,,,
0.094095732,,,,
0.101361935,,,,
0.101839975,,,,
0.093923638,,,,
0.08707811,,,,
0.1057599,,,,
0.117787378,,,,
0.089678646,,,,
0.088340135,,,,
0.107844153,,,,
0.109431244,,,,
0.093522085,,,,
0.103063756,,,,
0.1101005,,,,
0.110253473,,,,
0.098321603,,,,
0.101916461,,,,
0.105186252,,,,
0.104593483,,,,
0.093789787,,,,
0.095721067,,,,
0.115989948,,,,
0.120043725,,,,
0.101973826,,,,
0.094573772,,,,
0.105587806,,,,
0.108647259,,,,
0.092202695,,,,
0.092374789,,,,
0.120961561,,,,
0.114154276,,,,
0.102222406,,,,
0.109297393,,,,
0.109335636,,,,
0.111821443,,,,
0.114938261,,,,
0.110999214,,,,
0.112356847,,,,
0.128916141,,,,
0.101973826,,,,
0.108150098,,,,
0.117634405,,,,
0.1101005,,,,
0.105951116,,,,
0.104230173,,,,
0.124900608,,,,
0.117366703,,,,
0.108666381,,,,
0.104822942,,,,
0.111744956,,,,
0.135799912,,,,
0.108188341,,,,
0.107652937,,,,
0.123409124,,,,
0.122720747,,,,
0.102528352,,,,
0.102566595,,,,
0.12662155,,,,
0.121458722,,,,
0.128055669,,,,
0.113695358,,,,
0.118743457,,,,
0.126392091,,,,
0.134136334,,,,
0.119393591,,,,
0.135207143,,,,
0.133524443,,,,
0.111802321,,,,
0.126392091,,,,
0.12396365,,,,
0.137884165,,,,
0.123370881,,,,
0.11323644,,,,
0.136373559,,,,
0.129795734,,,,
0.116448866,,,,
0.118399268,,,,
0.127042225,,,,
0.130101679,,,,
0.111458132,,,,
0.123179665,,,,
0.131421068,,,,
0.129470667,,,,
0.132472756,,,,
0.1187817,,,,
0.140331728,,,,
0.149720426,,,,
0.120387913,,,,
0.131401947,,,,
0.133294984,,,,
0.139891931,,,,
0.132013838,,,,
0.124613784,,,,
0.148573131,,,,
0.157770614,,,,
0.13253012,,,,
0.139241797,,,,
0.142760169,,,,
0.148573131,,,,
0.130178165,,,,
0.125550742,,,,
0.155609875,,,,
0.142339494,,,,
0.136775113,,,,
0.133275862,,,,
0.141651117,,,,
0.151173667,,,,
0.136316195,,,,
0.135015927,,,,
0.153678595,,,,
0.149567454,,,,
0.138935852,,,,
0.139547743,,,,
0.145360705,,,,
0.148726104,,,,
0.143314695,,,,
0.162799591,,,,
0.161977363,,,,
0.13807538,,,,
0.146641851,,,,
0.160619731,,,,
0.149242387,,,,
0.14144078,,,,
0.140083147,,,,
0.155648118,,,,
0.162570132,,,,
0.139375648,,,,
0.147865633,,,,
0.163411482,,,,
0.160237299,,,,
0.139413892,,,,
0.14566665,,,,
0.168994985,,,,
0.15759852,,,,
0.164329318,,,,
0.150829478,,,,
0.176089094,,,,
0.162072971,,,,
0.153334406,,,,
0.158401627,,,,
0.169492147,,,,
0.165725194,,,,
0.150752992,,,,
0.153047582,,,,
0.161174257,,,,
0.166891611,,,,
0.148018605,,,,
0.15373596,,,,
0.17182498,,,,
0.168497824,,,,
0.156795413,,,,
0.163296753,,,,
0.182743406,,,,
0.179358885,,,,
0.170926266,,,,
0.166719517,,,,
0.17411957,,,,
0.184674686,,,,
0.159395949,,,,
0.165514857,,,,
0.169377417,,,,
0.175553689,,,,
0.166623909,,,,
0.165017695,,,,
0.199302699,,,,
0.176911322,,,,
0.177351119,,,,
0.164291075,,,,
0.182093272,,,,
0.188231301,,,,
0.16748438,,,,
0.165973775,,,,
0.180085505,,,,
0.196759529,,,,
0.173813625,,,,
0.188231301,,,,
0.185286577,,,,
0.179951654,,,,
0.176739228,,,,
0.181519624,,,,
0.18521009,,,,
0.190946566,,,,
0.188193058,,,,
0.177829158,,,,
0.185745495,,,,
0.185669009,,,,
0.172742816,,,,
0.179588344,,,,
0.180238478,,,,
0.191749673,,,,
0.172742816,,,,
0.195612233,,,,
0.19750527,,,,
0.186242656,,,,
0.180372329,,,,
0.189722785,,,,
0.191080417,,,,
0.198136283,,,,
0.191443728,,,,
0.18700752,,,,
0.193872169,,,,
0.198671687,,,,
0.183297932,,,,
0.184904145,,,,
0.193719196,,,,
0.200297022,,,,
0.186797182,,,,
0.188651976,,,,
0.197696486,,,,
0.206607145,,,,
0.194923856,,,,
0.188843192,,,,
0.203987488,,,,
0.207773562,,,,
0.199933712,,,,
0.198977633,,,,
0.203490327,,,,
0.201214858,,,,
0.196472705,,,,
0.19677865,,,,
0.207199915,,,,
0.203184381,,,,
0.204331677,,,,
0.202266545,,,,
0.200736818,,,,
0.212362743,,,,
0.191023053,,,,
0.201998843,,,,
0.209781329,,,,
0.214504361,,,,
0.198423107,,,,
0.195038586,,,,
0.202151816,,,,
0.218175705,,,,
0.194579668,,,,
0.205077419,,,,
0.206090863,,,,
0.212840783,,,,
0.213395309,,,,
0.196568313,,,,
0.215766385,,,,
0.219093541,,,,
0.209398897,,,,
0.220432052,,,,
0.215747264,,,,
0.220623268,,,,
0.202190059,,,,
0.199130605,,,,
0.223893059,,,,
0.238176884,,,,
0.211177205,,,,
0.216435641,,,,
0.229648657,,,,
0.223070831,,,,
0.216493005,,,,
0.205020054,,,,
0.233434731,,,,
0.216837194,,,,
0.204063974,,,,
0.218060976,,,,
0.225250692,,,,
0.221349888,,,,
0.202572491,,,,
0.216856316,,,,
0.222841372,,,,
0.223281169,,,,
0.212898147,,,,
0.215230981,,,,
0.22727758,,,,
0.229992845,,,,
0.229247103,,,,
0.212439229,,,,
0.221311645,,,,
0.227736498,,,,
0.210622679,,,,
0.21848165,,,,
0.231713788,,,,
0.228692577,,,,
0.229495684,,,,
0.218386043,,,,
0.240853906,,,,
0.233281758,,,,
0.228157173,,,,
0.218405164,,,,
0.231809396,,,,
0.247584705,,,,
0.22245894,,,,
0.228654334,,,,
0.238463708,,,,
0.236570671,,,,
0.226512717,,,,
0.227774741,,,,
0.234715877,,,,
0.232402165,,,,
0.23016494,,,,
0.23125487,,,,
0.238788775,,,,
0.244085454,,,,
0.228807307,,,,
0.228539605,,,,
0.246743355,,,,
0.252900506,,,,
0.246093221,,,,
0.225288935,,,,
0.240394988,,,,
0.247240516,,,,
0.241580527,,,,
0.248655513,,,,
0.245404844,,,,
0.252613682,,,,
0.234276081,,,,
0.242096809,,,,
0.246590382,,,,
0.245787276,,,,
0.23800479,,,,
0.230490007,,,,
0.250223484,,,,
0.258809076,,,,
0.246360923,,,,
0.237297291,,,,
0.246131464,,,,
0.250070511,,,,
0.251485508,,,,
0.2383681,,,,
0.257604416,,,,
0.256189418,,,,
0.239897827,,,,
0.234467297,,,,
0.244659102,,,,
0.252097399,,,,
0.25511861,,,,
0.243167618,,,,
0.268656693,,,,
0.255806987,,,,
0.250758888,,,,
0.242899916,,,,
0.259478331,,,,
0.26850372,,,,
0.245022412,,,,
0.251944426,,,,
0.262690758,,,,
0.262862852,,,,
0.254946515,,,,
0.245137142,,,,
0.259975493,,,,
0.264124877,,,,
0.252824019,,,,
0.251791454,,,,
0.263761567,,,,
0.263876296,,,,
0.250835374,,,,
0.244525251,,,,
0.260090222,,,,
0.263379135,,,,
0.244467886,,,,
0.255214218,,,,
0.262709879,,,,
0.266801899,,,,
0.271869119,,,,
0.258063334,,,,
0.25825455,,,,
0.257833875,,,,
0.257910361,,,,
0.254812664,,,,
0.277739446,,,,
0.265941427,,,,
0.250452943,,,,
0.254544962,,,,
0.267241695,,,,
0.260204952,,,,
0.251906183,,,,
0.265826698,,,,
0.264143998,,,,
0.258292793,,,,
0.255080366,,,,
0.260874207,,,,
0.273609183,,,,
0.257183741,,,,
0.257566173,,,,
0.269383313,,,,
0.267624127,,,,
0.249477742,,,,
0.258942927,,,,
0.272155943,,,,
0.275425734,,,,
0.275750801,,,,
0.264105755,,,,
0.277414379,,,,
0.273245873,,,,
0.260243195,,,,
0.26682102,,,,
0.267126966,,,,
0.276496543,,,,
0.258866441,,,,
0.260090222,,,,
0.284604096,,,,
0.271563174,,,,
0.27175439,,,,
0.264985348,,,,
0.275655193,,,,
0.272022092,,,,
0.27116162,,,,
0.264105755,,,,
0.272213308,,,,
0.283781867,,,,
0.275483099,,,,
0.263340892,,,,
0.276726002,,,,
0.288581385,,,,
0.26332177,,,,
0.263952782,,,,
0.275540464,,,,
0.288734358,,,,
0.271486687,,,,
0.263723323,,,,
0.281009237,,,,
0.278198364,,,,
0.27489033,,,,
0.268790544,,,,
0.276381813,,,,
0.276305327,,,,
0.278064513,,,,
0.273054657,,,,
0.279460389,,,,
0.278982349,,,,
0.28827544,,,,
0.266973993,,,,
0.275769923,,,,
0.276687759,,,,
0.276381813,,,,
0.266591561,,,,
0.288772601,,,,
0.283724503,,,,
0.27827485,,,,
0.269134732,,,,
0.28586612,,,,
0.278351337,,,,
0.273398846,,,,
0.274584384,,,,
0.282175654,,,,
0.275119789,,,,
0.283533287,,,,
0.277796811,,,,
0.284030448,,,,
0.285101257,,,,
0.262939338,,,,
0.26718433,,,,
0.288619629,,,,
0.28104748,,,,
0.267471154,,,,
0.276649516,,,,
0.294815023,,,,
0.275272761,,,,
0.276381813,,,,
0.294815023,,,,
0.286057336,,,,
0.287854765,,,,
0.269421556,,,,
0.280741535,,,,
0.286975172,,,,
0.288332805,,,,
0.270893918,,,,
0.291698204,,,,
0.285942607,,,,
0.287816522,,,,
0.281123967,,,,
0.283724503,,,,
0.28320822,,,,
0.289499222,,,,
0.28839017,,,,
0.283686259,,,,
0.285521932,,,,
0.280703292,,,,
0.276267084,,,,
0.268006559,,,,
0.285483688,,,,
0.291487867,,,,
0.284202542,,,,
0.273016414,,,,
0.290378815,,,,
0.294317861,,,,
0.282347748,,,,
0.282022681,,,,
0.298142179,,,,
0.304758247,,,,
0.275215397,,,,
0.28127694,,,,
0.283342071,,,,
0.287013415,,,,
0.291717326,,,,
0.286841321,,,,
0.291602596,,,,
0.284986527,,,,
0.281410791,,,,
0.285368959,,,,
0.299595419,,,,
0.294776779,,,,
0.283858354,,,,
0.277605595,,,,
0.286611862,,,,
0.286210309,,,,
0.277223163,,,,
0.296191777,,,,
0.288543142,,,,
0.293438268,,,,
0.282978761,,,,
0.299824878,,,,
0.294776779,,,,
0.29936596,,,,
0.282577207,,,,
0.283036125,,,,
0.294317861,,,,
0.291067192,,,,
0.280970994,,,,
0.29623002,,,,
0.298868799,,,,
0.302348928,,,,
0.290493544,,,,
0.285521932,,,,
0.300895687,,,,
0.299518933,,,,
0.292596919,,,,
0.291870298,,,,
0.313018773,,,,
0.307855944,,,,
0.298945285,,,,
0.290111112,,,,
0.297836233,,,,
0.300914809,,,,
0.30104866,,,,
0.302215076,,,,
0.313362961,,,,
0.298926164,,,,
0.287128145,,,,
0.28900206,,,,
0.301813523,,,,
0.304280208,,,,
0.299308595,,,,
0.299174744,,,,
0.313821879,,,,
0.308008917,,,,
0.290072869,,,,
0.292826378,,,,
0.296440357,,,,
0.305331895,,,,
0.306287974,,,,
0.302348928,,,,
0.299671905,,,,
0.320208489,,,,
0.302960818,,,,
0.293247052,,,,
0.304261086,,,,
0.321470514,,,,
0.296077047,,,,
0.294203132,,,,
0.31009317,,,,
0.308544321,,,,
0.298027449,,,,
0.309270942,,,,
0.309194455,,,,
0.30888851,,,,
0.298256908,,,,
0.302368049,,,,
0.308429592,,,,
0.30575257,,,,
0.300322039,,,,
0.294604685,,,,
0.313171745,,,,
0.303840411,,,,
0.307549999,,,,
0.310418237,,,,
0.310399115,,,,
0.312406882,,,,
0.301966496,,,,
0.308353106,,,,
0.311221344,,,,
0.329425094,,,,
0.303840411,,,,
0.302884332,,,,
0.314452892,,,,
0.313783636,,,,
0.309309185,,,,
0.30972986,,,,
0.313171745,,,,
0.328621987,,,,
0.307588242,,,,
0.315466336,,,,
0.329998741,,,,
0.327015774,,,,
0.305676084,,,,
0.309423914,,,,
0.31709167,,,,
0.31961572,,,,
0.307741215,,,,
0.321547,,,,
0.327704151,,,,
0.313898366,,,,
0.312674584,,,,
0.30816189,,,,
0.333440627,,,,
0.324185779,,,,
0.307511756,,,,
0.312904043,,,,
0.315772281,,,,
0.320514434,,,,
0.307511756,,,,
0.318143358,,,,
0.317435859,,,,
0.326327397,,,,
0.310265264,,,,
0.31275107,,,,
0.320801258,,,,
0.323765104,,,,
0.310877155,,,,
0.310074048,,,,
0.327551178,,,,
0.32311497,,,,
0.316823968,,,,
0.318602276,,,,
0.319405382,,,,
0.33661481,,,,
0.325619898,,,,
0.325103615,,,,
0.329233878,,,,
0.330457659,,,,
0.323554767,,,,
0.320132003,,,,
0.326499491,,,,
0.31516039,,,,
0.326480369,,,,
0.336213257,,,,
0.333134681,,,,
0.32311497,,,,
0.324243144,,,,
0.335792582,,,,
0.323650375,,,,
0.326786315,,,,
0.327704151,,,,
0.338450482,,,,
0.330725361,,,,
0.327015774,,,,
0.327551178,,,,
0.343670675,,,,
0.332828736,,,,
0.332331575,,,,
0.329042662,,,,
0.350152893,,,,
0.334129004,,,,
0.334090761,,,,
0.332446304,,,,
0.337303187,,,,
0.337494403,,,,
0.337073728,,,,
0.331490225,,,,
0.334740895,,,,
0.339330075,,,,
0.342733718,,,,
0.339463926,,,,
0.34131872,,,,
0.339731629,,,,
0.331222523,,,,
0.33577346,,,,
0.354550858,,,,
0.350917756,,,,
0.33975075,,,,
0.336691296,,,,
0.346558035,,,,
0.343077906,,,,
0.338813792,,,,
0.335964676,,,,
0.351873836,,,,
0.35554518,,,,
0.335065962,,,,
0.344378174,,,,
0.349808704,,,,
0.352103295,,,,
0.343995742,,,,
0.334167247,,,,
0.348202491,,,,
0.347514114,,,,
0.357629433,,,,
0.340286155,,,,
0.349598367,,,,
0.360937468,,,,
0.342733718,,,,
0.351912079,,,,
0.362868748,,,,
0.36204652,,,,
0.34782006,,,,
0.344033985,,,,
0.351797349,,,,
0.350420595,,,,
0.358298689,,,,
0.349732218,,,,
0.377267302,,,,
0.358260446,,,,
0.371339611,,,,
0.360287334,,,,
0.368433129,,,,
0.367974211,,,,
0.348623166,,,,
0.352676942,,,,
0.36675043,,,,
0.367630023,,,,
0.36868171,,,,
0.352256267,,,,
0.368222792,,,,
0.369695154,,,,
0.356921935,,,,
0.370957179,,,,
0.37156907,,,,
0.368968534,,,,
0.358260446,,,,
0.360096118,,,,
0.367668266,,,,
0.379676622,,,,
0.366826916,,,,
0.370115829,,,,
0.37302231,,,,
0.369006777,,,,
0.36977164,,,,
0.362849626,,,,
0.373825417,,,,
0.380364999,,,,
0.375737575,,,,
0.369924613,,,,
0.401742933,,,,
0.378816151,,,,
0.373787174,,,,
0.374552037,,,,
0.377458518,,,,
0.38097689,,,,
0.37579494,,,,
0.379561893,,,,
0.37893088,,,,
0.378032166,,,,
0.372754608,,,,
0.379102975,,,,
0.390117008,,,,
0.389849306,,,,
0.391723221,,,,
0.387038433,,,,
0.385145396,,,,
0.394362,,,,
0.385489584,,,,
0.387516472,,,,
0.391111331,,,,
0.393673623,,,,
0.396981658,,,,
0.392717544,,,,
0.401131042,,,,
0.403272659,,,,
0.400633881,,,,
0.398281925,,,,
0.39363538,,,,
0.401207528,,,,
0.392755787,,,,
0.390231738,,,,
0.404496441,,,,
0.407307314,,,,
0.400882461,,,,
0.407288193,,,,
0.414095477,,,,
0.414018991,,,,
0.408167786,,,,
0.404190496,,,,
0.431649093,,,,
0.418914117,,,,
0.417652092,,,,
0.409353324,,,,
0.413827775,,,,
0.4341349,,,,
0.411494942,,,,
0.411724401,,,,
0.426677481,,,,
0.430731257,,,,
0.425377213,,,,
0.420558573,,,,
0.419334792,,,,
0.436085301,,,,
0.435167465,,,,
0.42774829,,,,
0.427098156,,,,
0.433064091,,,,
0.427212885,,,,
0.431878552,,,,
0.427442344,,,,
0.438303405,,,,
0.439871375,,,,
0.428819099,,,,
0.438456378,,,,
0.44029205,,,,
0.444231097,,,,
0.434364359,,,,
0.45776918,,,,
0.445072447,,,,
0.449355682,,,,
0.447061092,,,,
0.461555254,,,,
0.465054504,,,,
0.44860994,,,,
0.449833722,,,,
0.458361949,,,,
0.473066449,,,,
0.45451851,,,,
0.454862699,,,,
0.464174912,,,,
0.464194033,,,,
0.45426993,,,,
0.468572876,,,,
0.464691194,,,,
0.476967253,,,,
0.461306674,,,,
0.483851024,,,,
0.477961575,,,,
0.486145614,,,,
0.469739293,,,,
0.487943043,,,,
0.486681018,,,,
0.477081982,,,,
0.486126492,,,,
0.482206567,,,,
0.488975609,,,,
0.498918834,,,,
0.48947277,,,,
0.484960076,,,,
0.493105871,,,,
0.500066129,,,,
0.49115547,,,,
0.487484125,,,,
0.499071806,,,,
0.503909568,,,,
0.492207157,,,,
0.494559112,,,,
0.514216103,,,,
0.515459006,,,,
0.497408228,,,,
0.50767652,,,,
0.517983055,,,,
0.499454238,,,,
0.525995,,,,
0.508384019,,,,
0.520258524,,,,
0.523662166,,,,
0.518384608,,,,
0.52358568,,,,
0.519340688,,,,
0.526645134,,,,
0.526377431,,,,
0.532305123,,,,
0.527409997,,,,
0.542707266,,,,
0.531884448,,,,
0.535096875,,,,
0.541368755,,,,
0.543319157,,,,
0.545575504,,,,
0.547583271,,,,
0.557086699,,,,
0.550776575,,,,
0.556818997,,,,
0.544351722,,,,
0.551178129,,,,
0.567871273,,,,
0.554868595,,,,
0.5607198,,,,
0.57060566,,,,
0.562326013,,,,
0.553797786,,,,
0.55444792,,,,
0.556971969,,,,
0.573034102,,,,
0.565308981,,,,
0.571963293,,,,
0.574678558,,,,
0.582441922,,,,
0.573110588,,,,
0.573684236,,,,
0.588618195,,,,
0.592691092,,,,
0.57903828,,,,
0.578770578,,,,
0.593800144,,,,
0.585922051,,,,
0.580147332,,,,
0.593876631,,,,
0.595004804,,,,
0.619155368,,,,
0.590778934,,,,
0.596266829,,,,
0.597433246,,,,
0.593933995,,,,
0.597050814,,,,
0.606229175,,,,
0.606841066,,,,
0.598676149,,,,
0.610359438,,,,
0.606496878,,,,
0.62376367,,,,
0.61315119,,,,
0.612959974,,,,
0.608867954,,,,
0.632234533,,,,
0.627836568,,,,
0.607663294,,,,
0.614680916,,,,
0.632731694,,,,
0.618390504,,,,
0.616554832,,,,
0.624356439,,,,
0.630417982,,,,
0.622291308,,,,
0.635905877,,,,
0.633878989,,,,
0.648640854,,,,
0.622329551,,,,
0.627607109,,,,
0.644128159,,,,
0.643803092,,,,
0.629557511,,,,
0.631507912,,,,
0.648220179,,,,
0.640839246,,,,
0.632884667,,,,
0.636020607,,,,
0.645657886,,,,
0.645390184,,,,
0.645868224,,,,
0.64087749,,,,
0.653268277,,,,
0.656423339,,,,
0.63678547,,,,
0.64087749,,,,
0.655065707,,,,
0.651050173,,,,
0.661222857,,,,
0.652426928,,,,
0.651298754,,,,
0.66535312,,,,
0.654606788,,,,
0.658316376,,,,
0.665754673,,,,
0.655161314,,,,
0.658775294,,,,
0.658775294,,,,
0.663593934,,,,
0.667609467,,,,
0.661299344,,,,
0.660152048,,,,
0.67053507,,,,
0.666500415,,,,
0.662924678,,,,
0.659234212,,,,
0.682447818,,,,
0.680038498,,,,
0.667074063,,,,
0.667685953,,,,
0.676615734,,,,
0.67078365,,,,
0.669961422,,,,
0.679311878,,,,
0.679082419,,,,
0.681109307,,,,
0.662790827,,,,
0.672542836,,,,
0.684207004,,,,
0.676520126,,,,
0.673039998,,,,
0.676367154,,,,
0.684685044,,,,
0.684589436,,,,
0.679809039,,,,
0.682906736,,,,
0.686195649,,,,
0.689446319,,,,
0.690899559,,,,
0.696253603,,,,
0.688968279,,,,
0.684474706,,,,
0.684321733,,,,
0.680688632,,,,
0.69223807,,,,
0.69139672,,,,
0.688107808,,,,
0.685622001,,,,
0.687878348,,,,
0.688222537,,,,
0.682792007,,,,
0.677743908,,,,
0.686233892,,,,
0.694379688,,,,
0.688451996,,,,
0.688719698,,,,
0.697572993,,,,
0.695029822,,,,
0.694207594,,,,
0.699198327,,,,
0.691281991,,,,
0.691932125,,,,
0.684015788,,,,
0.685774974,,,,
0.700479474,,,,
0.698204005,,,,
0.699255692,,,,
0.692085097,,,,
0.692276313,,,,
0.696712521,,,,
0.688681455,,,,
0.688757941,,,,
0.696062387,,,,
0.696865494,,,,
0.690765708,,,,
0.68428349,,,,
0.688719698,,,,
0.68837551,,,,
0.690096452,,,,
0.690918681,,,,
0.70248724,,,,
0.695450497,,,,
0.685545515,,,,
0.684570314,,,,
0.695106308,,,,
0.692218949,,,,
0.691243748,,,,
0.695679956,,,,
0.693729554,,,,
0.699198327,,,,
0.682199237,,,,
0.69705671,,,,
0.69223807,,,,
0.694915092,,,,
0.694111986,,,,
0.683365654,,,,
0.691167261,,,,
0.703175617,,,,
0.684933624,,,,
0.688604969,,,,
0.696444819,,,,
0.710097632,,,,
0.691970368,,,,
0.686501594,,,,
0.688031321,,,,
0.697133196,,,,
0.695221038,,,,
0.685277813,,,,
0.693748675,,,,
0.699427787,,,,
0.694341445,,,,
0.682294845,,,,
0.703022645,,,,
0.702296024,,,,
0.690440641,,,,
0.690096452,,,,
0.697477385,,,,
0.701454675,,,,
0.685736731,,,,
0.681071064,,,,
0.691549693,,,,
0.687687133,,,,
0.690172939,,,,
0.684054031,,,,
0.686539837,,,,
0.700460352,,,,
0.689408075,,,,
0.685392542,,,,
0.697706844,,,,
0.697630357,,,,
0.689025644,,,,
0.682792007,,,,
0.69789806,,,,
0.702143052,,,,
0.677686543,,,,
0.684818895,,,,
0.690211182,,,,
0.699198327,,,,
0.700613325,,,,
0.672657566,,,,
0.690325912,,,,
0.68837551,,,,
0.681032821,,,,
0.689140373,,,,
0.68005762,,,,
0.69030679,,,,
0.683384776,,,,
0.671319055,,,,
0.683805451,,,,
0.683250925,,,,
0.690019966,,,,
0.679120662,,,,
0.685354299,,,,
0.686884026,,,,
0.674722697,,,,
0.689714021,,,,
0.681281401,,,,
0.672236891,,,,
0.671548514,,,,
0.671204325,,,,
0.68428349,,,,
0.6819889,,,,
0.668565546,,,,
0.682486061,,,,
0.674015198,,,,
0.680726875,,,,
0.668833249,,,,
0.676099451,,,,
0.667552102,,,,
0.671472028,,,,
0.666385686,,,,
0.687151728,,,,
0.674646211,,,,
0.673996077,,,,
0.674607968,,,,
0.671242568,,,,
0.669445139,,,,
0.684742408,,,,
0.668259601,,,,
0.660572723,,,,
0.66619447,,,,
0.655983543,,,,
0.662886435,,,,
0.654492059,,,,
0.683174438,,,,
0.659922589,,,,
0.664741229,,,,
0.655486381,,,,
0.667494738,,,,
0.669177437,,,,
0.646250655,,,,
0.659234212,,,,
0.660190292,,,,
0.667150549,,,,
0.660457994,,,,
0.657054352,,,,
0.65787658,,,,
0.669024464,,,,
0.6455814,,,,
0.657857458,,,,
0.650820714,,,,
0.653077062,,,,
0.656595433,,,,
0.653688952,,,,
0.656748406,,,,
0.647837747,,,,
0.647780382,,,,
0.656404218,,,,
0.646690452,,,,
0.651356119,,,,
0.652006253,,,,
0.652675508,,,,
0.64860261,,,,
0.657322054,,,,
0.660572723,,,,
0.646652209,,,,
0.637894522,,,,
0.641718839,,,,
0.647723017,,,,
0.65028531,,,,
0.650438283,,,,
0.635007163,,,,
0.636250066,,,,
0.64365012,,,,
0.646002075,,,,
0.633687773,,,,
0.63751209,,,,
0.64160411,,,,
0.63762682,,,,
0.62424171,,,,
0.631316696,,,,
0.640265599,,,,
0.637856279,,,,
0.623725427,,,,
0.633840746,,,,
0.638582899,,,,
0.636861956,,,,
0.628008662,,,,
0.627530622,,,,
0.625389005,,,,
0.622138335,,,,
0.622023606,,,,
0.621755903,,,,
0.626651029,,,,
0.6335348,,,,
0.61665044,,,,
0.628352851,,,,
0.626651029,,,,
0.629595754,,,,
0.607089647,,,,
0.614374971,,,,
0.618658206,,,,
0.624088737,,,,
0.611774435,,,,
0.615178078,,,,
0.60990052,,,,
0.619461313,,,,
0.611200788,,,,
0.610894842,,,,
0.615120713,,,,
0.614833889,,,,
0.615713482,,,,
0.611066937,,,,
0.612539299,,,,
0.615713482,,,,
0.610359438,,,,
0.599192432,,,,
0.603437424,,,,
0.607147012,,,,
0.596859598,,,,
0.595406358,,,,
0.601869454,,,,
0.611908286,,,,
0.602749047,,,,
0.593379469,,,,
0.600798645,,,,
0.601525265,,,,
0.584067257,,,,
0.598427568,,,,
0.590798055,,,,
0.599727836,,,,
0.593417713,,,,
0.584507053,,,,
0.600148511,,,,
0.592098323,,,,
0.584851242,,,,
0.583990771,,,,
0.586533942,,,,
0.59651541,,,,
0.577126121,,,,
0.583092056,,,,
0.584373202,,,,
0.597662705,,,,
0.581791788,,,,
0.591429068,,,,
0.582977327,,,,
0.590243529,,,,
0.579095645,,,,
0.57747031,,,,
0.591945351,,,,
0.589210964,,,,
0.567202018,,,,
0.57024235,,,,
0.586935495,,,,
0.578732334,,,,
0.570777755,,,,
0.574793288,,,,
0.568808231,,,,
0.578349903,,,,
0.568617015,,,,
0.5607198,,,,
0.570318837,,,,
0.561484664,,,,
0.559419532,,,,
0.566418033,,,,
0.561828852,,,,
0.559457776,,,,
0.563148242,,,,
0.554371434,,,,
0.561063989,,,,
0.571045457,,,,
0.554600893,,,,
0.557124942,,,,
0.568368435,,,,
0.572957615,,,,
0.56626506,,,,
0.554524406,,,,
0.551809141,,,,
0.561752366,,,,
0.550527995,,,,
0.558578183,,,,
0.552306302,,,,
0.550661846,,,,
0.538921192,,,,
0.546799285,,,,
0.55083394,,,,
0.559113587,,,,
0.540565648,,,,
0.534179039,,,,
0.543204427,,,,
0.539227137,,,,
0.532534582,,,,
0.539074165,,,,
0.545097464,,,,
0.549858739,,,,
0.524197571,,,,
0.542439564,,,,
0.539418353,,,,
0.541368755,,,,
0.537984234,,,,
0.533605391,,,,
0.531578503,,,,
0.535364577,,,,
0.524254935,,,,
0.52285906,,,,
0.526205337,,,,
0.541139296,,,,
0.531769719,,,,
0.524943312,,,,
0.535861738,,,,
0.532534582,,,,
0.533643634,,,,
0.522782573,,,,
0.530775396,,,,
0.518958256,,,,
0.510506515,,,,
0.51406313,,,,
0.513661577,,,,
0.521252846,,,,
0.508250168,,,,
0.527257024,,,,
0.514598534,,,,
0.520717442,,,,
0.509856381,,,,
0.510468272,,,,
0.512074485,,,,
0.513642455,,,,
0.505573146,,,,
0.496738973,,,,
0.516300356,,,,
0.509282733,,,,
0.499894035,,,,
0.504731796,,,,
0.520354132,,,,
0.514369075,,,,
0.505993821,,,,
0.490811281,,,,
0.503125583,,,,
0.507026386,,,,
0.488325475,,,,
0.495668164,,,,
0.504923012,,,,
0.497848025,,,,
0.497006675,,,,
0.488478448,,,,
0.503622744,,,,
0.50454058,,,,
0.488975609,,,,
0.497044918,,,,
0.477387928,,,,
0.489013852,,,,
0.485839669,,,,
0.481097515,,,,
0.481919744,,,,
0.49115547,,,,
0.475456647,,,,
0.478286642,,,,
0.481785892,,,,
0.478420493,,,,
0.474443203,,,,
0.472416315,,,,
0.486528046,,,,
0.474366717,,,,
0.475839079,,,,
0.480906299,,,,
0.487407639,,,,
0.467215244,,,,
0.471192534,,,,
0.4879048,,,,
0.469662807,,,,
0.468936186,,,,
0.461440525,,,,
0.460790391,,,,
0.464844167,,,,
0.464805924,,,,
0.454365538,,,,
0.460637418,,,,
0.467368216,,,,
0.462511334,,,,
0.460312351,,,,
0.475552255,,,,
0.454461146,,,,
0.456621885,,,,
0.448801156,,,,
0.451535543,,,,
0.448896764,,,,
0.462148023,,,,
0.44667866,,,,
0.444173732,,,,
0.447596496,,,,
0.448055414,,,,
0.432796389,,,,
0.439144755,,,,
0.455302496,,,,
0.446009405,,,,
0.450502977,,,,
0.444575286,,,,
0.437615028,,,,
0.441745291,,,,
0.435282195,,,,
0.437347326,,,,
0.443275018,,,,
0.440750968,,,,
0.438762323,,,,
0.440789212,,,,
0.434364359,,,,
0.435167465,,,,
0.433675982,,,,
0.429698692,,,,
0.438303405,,,,
0.426122955,,,,
0.435396924,,,,
0.428436667,,,,
0.42847491,,,,
0.42147641,,,,
0.41424845,,,,
0.421782355,,,,
0.425721402,,,,
0.414592639,,,,
0.41268048,,,,
0.422757556,,,,
0.42606559,,,,
0.425166876,,,,
0.414898584,,,,
0.417996281,,,,
0.41979371,,,,
0.414516152,,,,
0.410959537,,,,
0.419908439,,,,
0.411762644,,,,
0.407173463,,,,
0.400653002,,,,
0.412298048,,,,
0.405529007,,,,
0.402297459,,,,
0.394610581,,,,
0.403693334,,,,
0.413445343,,,,
0.394782675,,,,
0.395356323,,,,
0.411800887,,,,
0.412890817,,,,
0.393061732,,,,
0.403922793,,,,
0.401016312,,,,
0.396962536,,,,
0.387057554,,,,
0.386292691,,,,
0.386445664,,,,
0.395509295,,,,
0.390595048,,,,
0.379485406,,,,
0.385948502,,,,
0.394859162,,,,
0.380881282,,,,
0.381894726,,,,
0.387975391,,,,
0.387631202,,,,
0.381187227,,,,
0.390900993,,,,
0.386751609,,,,
0.38338621,,,,
0.366693065,,,,
0.371683799,,,,
0.382583103,,,,
0.383883371,,,,
0.364857393,,,,
0.375814062,,,,
0.372563392,,,,
0.375049198,,,,
0.365564891,,,,
0.369809884,,,,
0.371722042,,,,
0.368949412,,,,
0.362830505,,,,
0.357533825,,,,
0.360325577,,,,
0.368547859,,,,
0.362161249,,,,
0.366444484,,,,
0.368528737,,,,
0.375967034,,,,
0.35711315,,,,
0.357992743,,,,
0.366501849,,,,
0.358910579,,,,
0.356195314,,,,
0.349502759,,,,
0.359216525,,,,
0.353709508,,,,
0.356577746,,,,
0.356061463,,,,
0.369197993,,,,
0.357992743,,,,
0.342848447,,,,
0.338259266,,,,
0.347284655,,,,
0.349617489,,,,
0.341299599,,,,
0.336595688,,,,
0.340553857,,,,
0.346366819,,,,
0.332618398,,,,
0.327283476,,,,
0.342236556,,,,
0.343039663,,,,
0.344225201,,,,
0.320208489,,,,
0.334434949,,,,
0.337379673,,,,
0.334951232,,,,
0.334129004,,,,
0.327589421,,,,
0.334664408,,,,
0.329845768,,,,
0.321585243,,,,
0.333631843,,,,
0.339330075,,,,
0.319787814,,,,
0.322732538,,,,
0.325600776,,,,
0.330189957,,,,
0.325103615,,,,
0.318678762,,,,
0.323153213,,,,
0.324606454,,,,
0.310762425,,,,
0.32070565,,,,
0.328488136,,,,
0.333899545,,,,
0.310877155,,,,
0.316804847,,,,
0.32118369,,,,
0.321891189,,,,
0.299327717,,,,
0.318946464,,,,
0.315714916,,,,
0.311909721,,,,
0.309079726,,,,
0.313745393,,,,
0.310074048,,,,
0.306058515,,,,
0.296000561,,,,
0.294260497,,,,
0.303419736,,,,
0.311259587,,,,
0.30925182,,,,
0.290646517,,,,
0.301163389,,,,
0.299786635,,,,
0.287740036,,,,
0.291640839,,,,
0.301698794,,,,
0.291449623,,,,
0.286019093,,,,
0.292463067,,,,
0.307626485,,,,
0.294700293,,,,
0.281582885,,,,
0.280703292,,,,
0.298945285,,,,
0.296880154,,,,
0.283495044,,,,
0.280932751,,,,
0.28911679,,,,
0.28104748,,,,
0.282538964,,,,
0.279976672,,,,
0.28284491,,,,
0.28273018,,,,
0.272270672,,,,
0.279020592,,,,
0.281984438,,,,
0.279976672,,,,
0.274546141,,,,
0.276649516,,,,
0.28984341,,,,
0.2834568,,,,
0.26464116,,,,
0.276955461,,,,
0.279498632,,,,
0.273054657,,,,
0.257680902,,,,
0.261543463,,,,
0.269268583,,,,
0.272939928,,,,
0.258675225,,,,
0.258331036,,,,
0.265061834,,,,
0.26620913,,,,
0.253282937,,,,
0.263991026,,,,
0.263952782,,,,
0.260090222,,,,
0.261466976,,,,
0.248923216,,,,
0.250873617,,,,
0.254544962,,,,
0.251217806,,,,
0.246360923,,,,
0.259382723,,,,
0.264105755,,,,
0.248043623,,,,
0.248732,,,,
0.252824019,,,,
0.251944426,,,,
0.249076188,,,,
0.240815663,,,,
0.253894828,,,,
0.257910361,,,,
0.249688079,,,,
0.237717966,,,,
0.248234839,,,,
0.250146997,,,,
0.251466387,,,,
0.24716403,,,,
0.242383633,,,,
0.235882294,,,,
0.233625947,,,,
0.235366011,,,,
0.246456531,,,,
0.244487008,,,,
0.225327178,,,,
0.23366419,,,,
0.24318674,,,,
0.232861083,,,,
0.228463118,,,,
0.226856905,,,,
0.240987757,,,,
0.240318502,,,,
0.230031089,,,,
0.228922037,,,,
0.233970135,,,,
0.226589203,,,,
0.219781918,,,,
0.226589203,,,,
0.229113252,,,,
0.235461619,,,,
0.220929213,,,,
0.213701254,,,,
0.228291024,,,,
0.226512717,,,,
0.220508539,,,,
0.215383953,,,,
0.236876616,,,,
0.228386632,,,,
0.208155994,,,,
0.215536926,,,,
0.227315823,,,,
0.224103397,,,,
0.212668688,,,,
0.206282078,,,,
0.221349888,,,,
0.222879615,,,,
0.207219036,,,,
0.203796272,,,,
0.242651335,,,,
0.219323,,,,
0.207850049,,,,
0.204293433,,,,
0.212515716,,,,
0.212898147,,,,
0.198059796,,,,
0.199570402,,,,
0.216722465,,,,
0.195879936,,,,
0.195421017,,,,
0.213682132,,,,
0.211655244,,,,
0.203547692,,,,
0.200602967,,,,
0.20521127,,,,
0.21220977,,,,
0.1932794,,,,
0.194158993,,,,
0.199207092,,,,
0.192591023,,,,
0.184712929,,,,
0.189646298,,,,
0.200469116,,,,
0.210871259,,,,
0.193508859,,,,
0.18978015,,,,
0.191673187,,,,
0.202151816,,,,
0.198136283,,,,
0.184789416,,,,
0.20425519,,,,
0.192839603,,,,
0.186319142,,,,
0.177523213,,,,
0.191023053,,,,
0.185286577,,,,
0.18532482,,,,
0.195134194,,,,
0.200067563,,,,
0.191864402,,,,
0.180028141,,,,
0.19870993,,,,
0.189799271,,,,
0.193814804,,,,
0.171270454,,,,
0.180697396,,,,
0.179244156,,,,
0.1889388,,,,
0.172054439,,,,
0.180372329,,,,
0.182858135,,,,
0.179550101,,,,
0.174884434,,,,
0.17507565,,,,
0.175266866,,,,
0.171442548,,,,
0.16868904,,,,
0.165170668,,,,
0.178746994,,,,
0.191328998,,,,
0.161537567,,,,
0.16157581,,,,
0.173851868,,,,
0.180047262,,,,
0.173622409,,,,
0.166432693,,,,
0.167579988,,,,
0.174731461,,,,
0.161327229,,,,
0.159013517,,,,
0.166853368,,,,
0.181806448,,,,
0.175917,,,,
0.16302905,,,,
0.176567133,,,,
0.174999163,,,,
0.161193378,,,,
0.161021284,,,,
0.168383095,,,,
0.170180524,,,,
0.154921498,,,,
0.161709661,,,,
0.170907144,,,,
0.165514857,,,,
0.162245065,,,,
0.160963919,,,,
0.165591343,,,,
0.166509179,,,,
0.152397449,,,,
0.159988718,,,,
0.162034728,,,,
0.160390272,,,,
0.15362123,,,,
0.163717428,,,,
0.15675717,,,,
0.165629586,,,,
0.155284808,,,,
0.156891021,,,,
0.1595298,,,,
0.163430604,,,,
0.155686361,,,,
0.159797502,,,,
0.15964453,,,,
0.165859045,,,,
0.154156634,,,,
0.15373596,,,,
0.154233121,,,,
0.15928122,,,,
0.146010839,,,,
0.149452724,,,,
0.161384594,,,,
0.155150957,,,,
0.139853688,,,,
0.150676506,,,,
0.150427925,,,,
0.156680684,,,,
0.14373537,,,,
0.148649618,,,,
0.145724015,,,,
0.155877577,,,,
0.145819623,,,,
0.143869221,,,,
0.150217588,,,,
0.152971096,,,,
0.140886254,,,,
0.138343083,,,,
0.15048529,,,,
0.147884754,,,,
0.135685182,,,,
0.13457613,,,,
0.149185022,,,,
0.146794824,,,,
0.136641262,,,,
0.134040726,,,,
0.143888343,,,,
0.152282719,,,,
0.142415981,,,,
0.132568364,,,,
0.14325733,,,,
0.1448253,,,,
0.132989039,,,,
0.132013838,,,,
0.142760169,,,,
0.149739548,,,,
0.132778701,,,,
0.135264507,,,,
0.142970507,,,,
0.140580308,,,,
0.129088235,,,,
0.124938851,,,,
0.140159633,,,,
0.143314695,,,,
0.130369381,,,,
0.130484111,,,,
0.138840244,,,,
0.148592253,,,,
0.14168936,,,,
0.123906285,,,,
0.136755991,,,,
0.139012338,,,,
0.124824121,,,,
0.128495466,,,,
0.137750314,,,,
0.135493966,,,,
0.12541689,,,,
0.120923318,,,,
0.125665471,,,,
0.130063436,,,,
0.12360034,,,,
0.127195198,,,,
0.136603018,,,,
0.132147689,,,,
0.134671738,,,,
0.116946028,,,,
0.131459312,,,,
0.130273773,,,,
0.116295894,,,,
0.123160543,,,,
0.135130656,,,,
0.12830425,,,,
0.123715069,,,,
0.126851009,,,,
0.130178165,,,,
0.124365203,,,,
0.126143511,,,,
0.11564576,,,,
0.120043725,,,,
0.133868632,,,,
0.109565095,,,,
0.125244796,,,,
0.12625824,,,,
0.122988449,,,,
0.119049402,,,,
0.124594662,,,,
0.131975594,,,,
0.123715069,,,,
0.116544474,,,,
0.121496965,,,,
0.136182343,,,,
0.120846831,,,,
0.107825031,,,,
0.110081378,,,,
0.123179665,,,,
0.130675327,,,,
0.107557329,,,,
0.107002803,,,,
0.122816355,,,,
0.130082557,,,,
0.112165631,,,,
0.121496965,,,,
0.116448866,,,,
0.115416301,,,,
0.105740778,,,,
0.109660703,,,,
0.120387913,,,,
0.124403446,,,,
0.111706713,,,,
0.109871041,,,,
0.111821443,,,,
0.114230762,,,,
0.10214592,,,,
0.108991448,,,,
0.126698037,,,,
0.110750634,,,,
0.113255562,,,,
0.111706713,,,,
0.125455134,,,,
0.108379557,,,,
0.095931404,,,,
0.101878218,,,,
0.119374469,,,,
0.111362525,,,,
0.099698357,,,,
0.104478754,,,,
0.10503328,,,,
0.117347581,,,,
0.102910783,,,,
0.105358346,,,,
0.127156955,,,,
0.109450366,,,,
0.108685502,,,,
0.09925856,,,,
0.12275899,,,,
0.107729423,,,,
0.097403767,,,,
0.096906605,,,,
0.108570773,,,,
0.104975915,,,,
0.109278272,,,,
0.101075111,,,,
0.110215229,,,,
0.102910783,,,,
0.103503553,,,,
0.096791876,,,,
0.104822942,,,,
0.104689091,,,,
0.098053901,,,,
0.101342813,,,,
0.102184163,,,,
0.110329959,,,,
0.11082712,,,,
0.098857007,,,,
0.108245706,,,,
0.117787378,,,,
0.0937133,,,,
0.098627548,,,,
0.101610516,,,,
0.101151598,,,,
0.094803231,,,,
0.107863274,,,,
0.105702535,,,,
0.091246616,,,,
0.085452775,,,,
0.101878218,,,,
0.101610516,,,,
0.089066755,,,,
0.092795464,,,,
0.100004302,,,,
0.102356257,,,,
0.08382744,,,,
0.096160864,,,,
0.101151598,,,,
0.096983092,,,,
0.094420799,,,,
0.107614694,,,,
0.095931404,,,,
0.093961881,,,,
0.087269326,,,,
0.090290537,,,,
0.105243617,,,,
0.100348491,,,,
0.087728244,,,,
0.090500874,,,,
0.106142332,,,,
0.095797553,,,,
0.083923048,,,,
0.086275003,,,,
0.088990269,,,,
0.097212551,,,,
0.084802641,,,,
0.084993857,,,,
0.092279182,,,,
0.09117013,,,,
0.091667291,,,,
0.082813996,,,,
0.09551073,,,,
0.09780532,,,,
0.089238849,,,,
0.08394217,,,,
0.092967559,,,,
0.0927381,,,,
0.090061078,,,,
0.086619192,,,,
0.093560328,,,,
0.098512819,,,,
0.075566915,,,,
0.087250204,,,,
0.094516407,,,,
0.099717479,,,,
0.078320424,,,,
0.081322513,,,,
0.090003713,,,,
0.098684913,,,,
0.087460542,,,,
0.092948437,,,,
0.089430065,,,,
0.085777842,,,,
0.080500284,,,,
0.083253793,,,,
0.090386144,,,,
0.092470397,,,,
0.071666112,,,,
0.073769486,,,,
0.083693589,,,,
0.092240938,,,,
0.069658345,,,,
0.074553471,,,,
0.091323102,,,,
0.097059578,,,,
0.073463541,,,,
0.075452186,,,,
0.090902427,,,,
0.089908105,,,,
0.081857917,,,,
0.08225947,,,,
0.089296214,,,,
0.089716889,,,,
0.085777842,,,,
0.078186573,,,,
0.08876081,,,,
0.089583038,,,,
0.082986091,,,,
0.071570504,,,,
0.093655936,,,,
0.088416621,,,,
0.06887436,,,,
0.06887436,,,,
0.07876022,,,,
0.086542706,,,,
0.071398409,,,,
0.090787698,,,,
0.080519406,,,,
0.086408855,,,,
0.071092464,,,,
0.068950846,,,,
0.080136974,,,,
0.080653257,,,,
0.069830439,,,,
0.066770986,,,,
0.080117853,,,,
0.080920959,,,,
0.076178806,,,,
0.068338956,,,,
0.07912353,,,,
0.088856418,,,,
0.075413943,,,,
0.071666112,,,,
0.074285769,,,,
0.07791887,,,,
0.069065576,,,,
0.071819084,,,,
0.077880627,,,,
0.074744687,,,,
0.064591125,,,,
0.065776663,,,,
0.066962201,,,,
0.081226905,,,,
0.060327011,,,,
0.063730653,,,,
0.073635635,,,,
0.077937992,,,,
0.065241259,,,,
0.073654757,,,,
0.068836117,,,,
0.079200017,,,,
0.05946654,,,,
0.069849561,,,,
0.078626369,,,,
0.084515818,,,,
0.06007843,,,,
0.068166861,,,,
0.074075431,,,,
0.080844473,,,,
0.068702266,,,,
0.061569914,,,,
0.067516727,,,,
0.079448597,,,,
0.068759631,,,,
0.063080519,,,,
0.07996488,,,,
0.0720103,,,,
0.065451596,,,,
0.063482073,,,,
0.071704355,,,,
0.086389733,,,,
0.065910514,,,,
0.071226315,,,,
0.070614424,,,,
0.090500874,,,,
0.074190161,,,,
0.063290857,,,,
0.065088286,,,,
0.072583948,,,,
0.079850151,,,,
0.060460862,,,,
0.06730639,,,,
0.075490429,,,,
0.053194659,,,,
0.065967879,,,,
0.068319834,,,,
0.067497606,,,,
0.069868683,,,,
0.053481483,,,,
0.07682894,,,,
0.073061987,,,,
0.056980733,,,,
0.077957113,,,,
0.073176717,,,,
0.065566326,,,,
0.075299213,,,,
0.053883036,,,,
0.066732742,,,,
0.069486251,,,,
0.052659255,,,,
0.054361076,,,,
0.066618013,,,,
0.071073342,,,,
0.068759631,,,,
0.059485661,,,,
0.068472807,,,,
0.075566915,,,,
0.054667021,,,,
0.057879448,,,,
0.061436063,,,,
0.063864504,,,,
0.065394231,,,,
0.058223637,,,,
0.063290857,,,,
0.067421119,,,,
0.065279502,,,,
0.049905747,,,,
0.06839632,,,,
0.078511639,,,,
0.06526038,,,,
0.054953845,,,,
0.065241259,,,,
0.070518816,,,,
0.0529652,,,,
0.061225726,,,,
0.088110676,,,,
0.063673289,,,,
0.071455774,,,,
0.054724386,,,,
0.069008211,,,,
0.069849561,,,,
0.049599801,,,,
0.046559469,,,,
0.058682555,,,,
0.069753953,,,,
0.049523315,,,,
0.053022565,,,,
0.059256202,,,,
0.067535849,,,,
0.058778163,,,,
0.078167451,,,,
0.061493428,,,,
0.06260248,,,,
0.048318655,,,,
0.054724386,,,,
0.070499695,,,,
0.067038688,,,,
0.047247846,,,,
0.057018977,,,,
0.063061398,,,,
0.064686733,,,,
0.052429796,,,,
0.062296534,,,,
0.078588126,,,,
0.060996267,,,,
0.050020476,,,,
0.054208103,,,,
0.065853149,,,,
0.076064076,,,,
0.053577091,,,,
0.049293856,,,,
0.076867183,,,,
0.058051542,,,,
0.059848971,,,,
0.056713031,,,,
0.059390053,,,,
0.083445009,,,,
0.049140883,,,,
0.050020476,,,,
0.054552292,,,,
0.065470718,,,,
0.053500605,,,,
0.050517637,,,,
0.063309978,,,,
0.062870182,,,,
0.049389464,,,,
0.061110996,,,,
0.067612335,,,,
0.060441741,,,,
0.042486571,,,,
0.056540937,,,,
0.061914103,,,,
0.053022565,,,,
0.047802372,,,,
0.052506282,,,,
0.062564237,,,,
0.047094873,,,,
0.051473717,,,,
0.058089785,,,,
0.062717209,,,,
0.050039598,,,,
0.053710942,,,,
0.058969378,,,,
0.076121441,,,,
0.051263379,,,,
0.04439873,,,,
0.055049453,,,,
0.069983412,,,,
0.04837602,,,,
0.05307993,,,,
0.052085607,,,,
0.067956524,,,,
0.041549613,,,,
0.042276234,,,,
0.060250525,,,,
0.056846882,,,,
0.050479394,,,,
0.045622511,,,,
0.060174038,,,,
0.055986411,,,,
0.041224546,,,,
0.04271603,,,,
0.053271146,,,,
0.057917691,,,,
0.041186303,,,,
0.040842115,,,,
0.052123851,,,,
0.063214371,,,,
0.043461772,,,,
0.047266968,,,,
0.065336867,,,,
0.054839116,,,,
0.054915602,,,,
0.048643722,,,,
0.048758451,,,,
0.063577681,,,,
0.040842115,,,,
0.046253524,,,,
0.044226635,,,,
0.045201836,,,,
0.044016298,,,,
0.062067075,,,,
0.042371842,,,,
0.063979234,,,,
0.032199158,,,,
0.064132207,,,,
0.05814715,,,,
0.05151196,,,,
0.051664932,,,,
0.056540937,,,,
0.04837602,,,,
0.056368843,,,,
0.051244258,,,,
0.043289678,,,,
0.053844793,,,,
0.072469218,,,,
0.031281322,,,,
0.039255023,,,,
0.042658665,,,,
0.050211692,,,,
0.0503073,,,,
0.047190481,,,,
0.052276823,,,,
0.051951756,,,,
0.046253524,,,,
0.047764129,,,,
0.057248436,,,,
0.051856148,,,,
0.043978055,,,,
0.043385286,,,,
0.053653577,,,,
0.057879448,,,,
0.038776983,,,,
0.03644415,,,,
0.050747096,,,,
0.044379608,,,,
-0.042011718,,,,
-0.04239415,,,,
-0.042833947,,,,
-0.041877867,,,,
-0.044306309,,,,
-0.042680974,,,,
